county_fips,year,classified_dates,events_started
48001,2015,18,4
48001,2016,11,3
48001,2018,32,4
48001,2019,12,3
48001,2020,4,1
48001,2021,4,1
48001,2022,57,5
48001,2023,51,7
48001,2024,11,2
48003,2015,21,4
48003,2016,10,2
48003,2017,13,2
48003,2018,11,2
48003,2019,15,3
48003,2020,24,5
48003,2021,7,2
48003,2022,6,2
48003,2023,50,9
48003,2024,7,2
48003,2025,6,2
48005,2015,10,2
48005,2016,12,3
48005,2018,31,4
48005,2019,9,2
48005,2020,4,1
48005,2021,7,2
48005,2022,59,8
48005,2023,63,9
48005,2024,8,2
48005,2025,4,1
48007,2015,9,2
48007,2016,26,5
48007,2017,29,6
48007,2018,13,1
48007,2019,29,4
48007,2020,30,5
48007,2021,10,3
48007,2022,57,7
48007,2023,107,3
48007,2024,75,7
48007,2025,34,5
48009,2017,7,2
48009,2018,6,1
48009,2019,4,1
48009,2020,4,1
48009,2022,39,6
48009,2023,53,10
48009,2024,15,3
48011,2015,11,3
48011,2016,22,6
48011,2017,13,4
48011,2018,22,5
48011,2019,24,5
48011,2020,31,6
48011,2021,7,2
48011,2022,44,8
48011,2023,54,9
48011,2024,36,5
48011,2025,4,1
48013,2015,19,3
48013,2016,19,5
48013,2017,22,6
48013,2018,19,2
48013,2019,45,7
48013,2020,15,3
48013,2021,7,2
48013,2022,51,6
48013,2023,82,8
48013,2024,12,3
48013,2025,4,1
48015,2015,3,1
48015,2018,8,2
48015,2019,9,2
48015,2021,4,1
48015,2022,54,6
48015,2023,79,5
48015,2024,8,2
48017,2015,8,2
48017,2016,10,2
48017,2017,10,3
48017,2018,10,3
48017,2019,11,3
48017,2020,26,5
48017,2021,8,2
48017,2022,9,2
48017,2023,44,9
48017,2024,23,4
48017,2025,5,1
48019,2015,12,3
48019,2016,18,4
48019,2017,32,5
48019,2018,32,7
48019,2019,28,4
48019,2020,16,3
48019,2021,4,1
48019,2022,46,6
48019,2023,75,8
48019,2024,16,3
48019,2025,3,1
48021,2015,6,1
48021,2017,8,2
48021,2018,19,4
48021,2019,16,3
48021,2020,10,2
48021,2021,4,1
48021,2022,45,5
48021,2023,71,9
48021,2024,14,3
48021,2025,12,4
48023,2015,8,2
48023,2017,4,1
48023,2018,8,2
48023,2019,7,2
48023,2020,11,3
48023,2021,3,1
48023,2022,39,6
48023,2023,59,9
48023,2024,30,6
48025,2016,5,1
48025,2017,3,1
48025,2018,9,1
48025,2019,17,3
48025,2020,11,3
48025,2021,4,1
48025,2022,24,4
48025,2023,91,10
48025,2024,8,2
48025,2025,10,2
48027,2015,5,1
48027,2016,5,1
48027,2017,13,4
48027,2018,35,6
48027,2019,24,4
48027,2020,19,4
48027,2021,3,1
48027,2022,59,7
48027,2023,82,10
48027,2024,14,3
48027,2025,3,1
48029,2015,13,2
48029,2016,23,5
48029,2017,14,3
48029,2018,23,3
48029,2019,24,5
48029,2020,10,2
48029,2021,5,1
48029,2022,45,7
48029,2023,77,7
48029,2024,21,5
48029,2025,13,4
48031,2015,9,2
48031,2017,6,2
48031,2018,16,4
48031,2019,23,3
48031,2020,16,4
48031,2021,4,1
48031,2022,73,7
48031,2023,96,8
48031,2024,28,4
48031,2025,3,1
48033,2015,5,1
48033,2016,4,1
48033,2017,9,2
48033,2018,12,3
48033,2019,11,2
48033,2020,25,5
48033,2022,20,5
48033,2023,44,8
48033,2024,20,4
48033,2025,6,2
48035,2015,4,1
48035,2018,15,3
48035,2019,7,1
48035,2020,3,1
48035,2022,42,5
48035,2023,69,8
48035,2024,5,1
48037,2015,9,2
48037,2016,18,4
48037,2017,5,1
48037,2018,26,6
48037,2019,18,2
48037,2021,4,1
48037,2022,38,7
48037,2023,21,4
48037,2024,9,3
48037,2025,7,1
48039,2015,26,3
48039,2016,38,8
48039,2017,8,2
48039,2018,18,4
48039,2019,20,6
48039,2020,17,5
48039,2021,5,1
48039,2022,28,4
48039,2023,86,5
48039,2024,19,5
48041,2015,3,1
48041,2018,3,1
48041,2019,6,2
48041,2020,3,1
48041,2021,3,1
48041,2022,68,5
48041,2023,88,6
48041,2024,7,2
48041,2025,3,1
48043,2015,19,3
48043,2016,14,3
48043,2017,5,1
48043,2018,13,3
48043,2019,19,3
48043,2020,28,5
48043,2021,10,2
48043,2022,16,4
48043,2023,64,7
48043,2024,24,5
48045,2015,3,1
48045,2016,9,2
48045,2017,4,1
48045,2018,14,3
48045,2019,22,5
48045,2020,28,5
48045,2021,10,3
48045,2022,41,8
48045,2023,44,9
48045,2024,43,6
48045,2025,12,3
48047,2017,6,2
48047,2018,3,1
48047,2019,11,3
48047,2020,3,1
48047,2022,8,2
48047,2023,47,6
48047,2024,4,1
48049,2015,14,3
48049,2016,3,1
48049,2017,10,1
48049,2018,31,4
48049,2019,30,4
48049,2020,7,2
48049,2021,4,1
48049,2022,35,6
48049,2023,49,8
48049,2024,6,1
48049,2025,3,1
48051,2015,11,2
48051,2016,5,1
48051,2017,4,1
48051,2018,20,5
48051,2019,45,5
48051,2022,45,5
48051,2023,45,7
48053,2015,22,3
48053,2016,13,3
48053,2017,13,4
48053,2018,27,4
48053,2019,32,4
48053,2020,20,4
48053,2021,5,1
48053,2022,53,7
48053,2023,96,6
48053,2024,16,2
48053,2025,3,1
48055,2015,24,4
48055,2016,7,2
48055,2017,17,3
48055,2018,35,4
48055,2019,34,5
48055,2020,27,4
48055,2021,5,1
48055,2022,64,4
48055,2023,89,6
48055,2024,27,5
48055,2025,19,4
48057,2015,7,2
48057,2016,4,1
48057,2017,3,1
48057,2018,6,1
48057,2019,11,3
48057,2020,17,4
48057,2022,23,5
48057,2023,90,7
48057,2024,34,6
48057,2025,15,5
48059,2015,9,2
48059,2016,3,1
48059,2017,9,1
48059,2018,21,6
48059,2019,11,2
48059,2020,15,3
48059,2021,3,1
48059,2022,44,5
48059,2023,54,8
48059,2024,19,4
48059,2025,3,1
48061,2015,3,1
48061,2016,43,8
48061,2017,23,6
48061,2018,32,6
48061,2019,40,7
48061,2020,22,5
48061,2021,14,2
48061,2022,33,5
48061,2023,98,6
48061,2024,17,1
48061,2025,11,3
48063,2015,29,6
48063,2016,16,3
48063,2018,20,6
48063,2019,9,2
48063,2022,51,6
48063,2023,29,5
48063,2024,3,1
48065,2015,5,1
48065,2016,4,1
48065,2017,4,1
48065,2018,9,2
48065,2019,12,3
48065,2020,22,5
48065,2021,4,1
48065,2022,14,3
48065,2023,39,8
48065,2024,28,3
48065,2025,4,1
48067,2015,18,4
48067,2016,7,2
48067,2018,13,4
48067,2019,12,2
48067,2022,33,7
48067,2023,23,4
48067,2025,5,1
48069,2015,3,1
48069,2016,11,3
48069,2017,7,2
48069,2018,8,2
48069,2019,14,3
48069,2020,19,4
48069,2022,14,3
48069,2023,30,8
48069,2024,26,5
48069,2025,5,1
48071,2015,12,2
48071,2016,4,1
48071,2018,3,1
48071,2019,6,2
48071,2021,3,1
48071,2022,5,1
48071,2023,45,8
48071,2024,4,1
48073,2018,22,5
48073,2019,4,1
48073,2022,32,6
48073,2023,39,5
48075,2015,12,3
48075,2016,3,1
48075,2017,10,3
48075,2018,6,1
48075,2019,15,4
48075,2020,25,5
48075,2021,16,4
48075,2022,48,9
48075,2023,41,9
48075,2024,29,4
48075,2025,4,1
48077,2016,3,1
48077,2017,3,1
48077,2018,15,4
48077,2019,5,1
48077,2020,7,2
48077,2022,43,5
48077,2023,56,10
48077,2024,15,3
48079,2015,9,2
48079,2016,15,2
48079,2017,12,3
48079,2018,5,1
48079,2019,14,4
48079,2020,25,4
48079,2021,6,2
48079,2022,25,4
48079,2023,38,8
48079,2024,27,6
48079,2025,5,1
48081,2015,9,1
48081,2017,7,2
48081,2018,12,3
48081,2019,16,4
48081,2020,17,3
48081,2022,32,8
48081,2023,52,8
48081,2024,20,4
48081,2025,3,1
48083,2015,9,2
48083,2016,13,3
48083,2017,12,2
48083,2018,31,3
48083,2019,30,4
48083,2020,23,4
48083,2021,4,1
48083,2022,51,7
48083,2023,65,9
48083,2024,15,3
48083,2025,4,1
48085,2015,3,1
48085,2018,13,3
48085,2019,3,1
48085,2020,4,1
48085,2021,5,1
48085,2022,43,6
48085,2023,39,7
48085,2024,23,5
48085,2025,3,1
48087,2015,7,2
48087,2016,3,1
48087,2017,16,3
48087,2018,5,1
48087,2019,3,1
48087,2020,7,2
48087,2022,7,2
48087,2023,16,4
48087,2024,13,2
48089,2016,4,1
48089,2018,8,1
48089,2021,3,1
48089,2022,42,4
48089,2023,72,6
48089,2024,3,1
48091,2015,8,2
48091,2016,3,1
48091,2017,17,4
48091,2018,38,5
48091,2019,21,4
48091,2020,19,4
48091,2021,4,1
48091,2022,36,5
48091,2023,72,7
48091,2024,15,4
48091,2025,3,1
48093,2015,4,1
48093,2016,3,1
48093,2017,10,1
48093,2018,31,4
48093,2019,26,4
48093,2020,19,3
48093,2022,69,6
48093,2023,94,9
48093,2024,57,6
48093,2025,16,3
48095,2015,8,2
48095,2017,9,1
48095,2018,18,4
48095,2019,17,4
48095,2020,19,3
48095,2021,4,1
48095,2022,36,6
48095,2023,68,10
48095,2024,29,5
48095,2025,3,1
48097,2015,3,1
48097,2018,20,5
48097,2020,3,1
48097,2022,44,6
48097,2023,41,7
48097,2024,5,1
48099,2015,16,3
48099,2016,10,3
48099,2017,17,5
48099,2018,37,4
48099,2019,20,3
48099,2020,22,4
48099,2022,51,5
48099,2023,65,10
48099,2024,24,6
48099,2025,3,1
48101,2015,14,3
48101,2016,9,2
48101,2017,4,1
48101,2018,21,4
48101,2019,14,4
48101,2020,15,4
48101,2021,3,1
48101,2022,48,9
48101,2023,47,9
48101,2024,24,4
48101,2025,4,1
48103,2015,14,2
48103,2016,11,3
48103,2017,13,3
48103,2018,16,4
48103,2019,26,6
48103,2020,25,5
48103,2021,7,2
48103,2022,15,5
48103,2023,74,7
48103,2024,30,7
48103,2025,7,2
48105,2015,17,3
48105,2016,23,6
48105,2017,15,4
48105,2018,27,5
48105,2019,40,6
48105,2020,22,4
48105,2021,8,2
48105,2022,25,5
48105,2023,68,6
48105,2024,21,4
48105,2025,3,1
48107,2015,9,2
48107,2016,11,3
48107,2017,18,4
48107,2018,18,4
48107,2019,26,6
48107,2020,32,6
48107,2021,4,1
48107,2022,41,5
48107,2023,41,8
48107,2024,39,7
48107,2025,5,1
48109,2015,6,2
48109,2016,4,1
48109,2017,3,1
48109,2018,3,1
48109,2019,12,3
48109,2020,20,4
48109,2021,12,3
48109,2022,6,2
48109,2023,26,4
48109,2024,4,1
48111,2015,15,3
48111,2016,21,5
48111,2017,27,6
48111,2018,13,3
48111,2019,31,8
48111,2020,29,5
48111,2021,22,6
48111,2022,24,5
48111,2023,44,6
48111,2024,44,8
48111,2025,5,1
48113,2015,7,2
48113,2016,5,1
48113,2017,5,1
48113,2018,32,5
48113,2019,17,3
48113,2020,6,2
48113,2021,5,1
48113,2022,43,6
48113,2023,50,8
48113,2024,11,3
48113,2025,3,1
48115,2015,6,2
48115,2016,8,2
48115,2017,13,2
48115,2018,15,4
48115,2019,23,6
48115,2020,20,3
48115,2021,4,1
48115,2022,19,4
48115,2023,53,10
48115,2024,21,4
48115,2025,4,1
48117,2015,9,2
48117,2016,17,4
48117,2017,7,2
48117,2018,17,4
48117,2019,24,5
48117,2020,27,6
48117,2021,7,2
48117,2022,28,6
48117,2023,43,8
48117,2024,27,6
48117,2025,5,1
48119,2015,11,2
48119,2016,20,4
48119,2017,5,1
48119,2018,33,6
48119,2019,16,3
48119,2020,5,1
48119,2021,4,1
48119,2022,51,6
48119,2023,38,6
48119,2024,17,4
48121,2015,6,1
48121,2017,4,1
48121,2018,32,6
48121,2019,13,2
48121,2020,7,2
48121,2021,5,1
48121,2022,52,5
48121,2023,68,9
48121,2024,18,4
48121,2025,3,1
48123,2015,14,2
48123,2016,21,3
48123,2017,12,3
48123,2018,34,5
48123,2019,42,8
48123,2020,26,4
48123,2021,5,1
48123,2022,55,7
48123,2023,100,6
48123,2024,36,7
48123,2025,51,8
48125,2015,15,3
48125,2016,7,2
48125,2017,8,2
48125,2018,11,3
48125,2019,14,4
48125,2020,22,5
48125,2021,4,1
48125,2022,25,5
48125,2023,37,7
48125,2024,30,6
48125,2025,6,2
48127,2015,3,1
48127,2016,16,3
48127,2017,10,3
48127,2018,22,4
48127,2019,33,7
48127,2020,16,4
48127,2021,5,1
48127,2022,16,4
48127,2023,61,5
48127,2024,10,3
48127,2025,6,2
48129,2015,3,1
48129,2016,3,1
48129,2017,4,1
48129,2018,8,2
48129,2019,10,3
48129,2020,15,3
48129,2022,14,3
48129,2023,25,5
48129,2024,24,4
48129,2025,4,1
48131,2015,8,1
48131,2016,4,1
48131,2017,10,1
48131,2018,7,2
48131,2019,26,6
48131,2020,5,1
48131,2021,5,1
48131,2022,35,6
48131,2023,84,7
48131,2024,18,4
48131,2025,22,5
48133,2015,7,1
48133,2016,6,2
48133,2017,13,2
48133,2018,33,6
48133,2019,23,4
48133,2020,16,3
48133,2021,4,1
48133,2022,59,6
48133,2023,76,9
48133,2024,30,4
48133,2025,4,1
48135,2015,4,1
48135,2016,9,2
48135,2017,9,2
48135,2018,3,1
48135,2019,17,3
48135,2020,25,6
48135,2021,7,2
48135,2022,15,4
48135,2023,66,8
48135,2024,10,2
48135,2025,3,1
48137,2015,5,1
48137,2016,8,2
48137,2017,21,4
48137,2018,7,1
48137,2019,3,1
48137,2020,11,3
48137,2022,14,3
48137,2023,64,8
48137,2024,20,4
48137,2025,5,1
48139,2015,6,2
48139,2016,5,1
48139,2017,5,1
48139,2018,32,4
48139,2019,24,4
48139,2020,14,3
48139,2021,5,1
48139,2022,64,6
48139,2023,58,8
48139,2024,12,3
48141,2017,3,1
48141,2018,10,3
48141,2019,15,4
48141,2020,33,6
48141,2021,11,2
48141,2022,11,3
48141,2023,55,7
48141,2024,35,8
48141,2025,16,3
48143,2016,8,2
48143,2017,5,1
48143,2018,33,4
48143,2019,15,3
48143,2020,17,4
48143,2022,66,5
48143,2023,69,9
48143,2024,9,2
48143,2025,3,1
48145,2015,11,2
48145,2018,30,4
48145,2019,22,5
48145,2020,13,3
48145,2022,60,5
48145,2023,76,8
48145,2024,11,2
48147,2015,16,3
48147,2016,26,4
48147,2018,18,5
48147,2019,17,3
48147,2020,6,1
48147,2021,3,1
48147,2022,44,7
48147,2023,26,5
48147,2024,30,4
48149,2015,7,1
48149,2016,3,1
48149,2017,3,1
48149,2018,13,4
48149,2019,30,4
48149,2020,26,4
48149,2021,5,1
48149,2022,52,4
48149,2023,81,8
48149,2024,10,2
48149,2025,3,1
48151,2015,9,2
48151,2016,5,1
48151,2017,4,1
48151,2018,14,3
48151,2019,14,3
48151,2020,22,4
48151,2022,30,6
48151,2023,53,10
48151,2024,17,3
48151,2025,3,1
48153,2016,4,1
48153,2017,3,1
48153,2018,5,1
48153,2019,8,2
48153,2020,16,4
48153,2022,11,3
48153,2023,28,7
48153,2024,14,2
48153,2025,3,1
48155,2015,8,2
48155,2016,3,1
48155,2017,11,3
48155,2018,12,3
48155,2019,18,4
48155,2020,17,3
48155,2021,4,1
48155,2022,45,7
48155,2023,63,10
48155,2024,29,4
48155,2025,6,2
48157,2015,18,3
48157,2018,12,2
48157,2019,7,2
48157,2021,4,1
48157,2022,42,5
48157,2023,90,6
48157,2024,23,4
48159,2015,11,2
48159,2016,20,4
48159,2018,31,6
48159,2019,6,1
48159,2022,49,8
48159,2023,36,5
48159,2024,3,1
48161,2015,4,1
48161,2018,20,3
48161,2019,12,3
48161,2022,51,6
48161,2023,57,9
48161,2024,4,1
48163,2015,12,1
48163,2016,24,2
48163,2018,15,3
48163,2020,4,1
48163,2021,3,1
48163,2022,13,3
48163,2023,52,6
48163,2024,10,3
48165,2015,21,5
48165,2016,11,2
48165,2017,10,1
48165,2018,9,2
48165,2019,20,5
48165,2020,26,5
48165,2021,5,1
48165,2022,14,3
48165,2023,43,8
48165,2024,26,6
48165,2025,8,1
48167,2015,23,3
48167,2016,8,2
48167,2017,11,2
48167,2018,32,5
48167,2019,56,7
48167,2020,35,8
48167,2021,16,3
48167,2022,65,5
48167,2023,76,6
48167,2024,24,5
48167,2025,6,2
48169,2015,16,3
48169,2016,23,4
48169,2017,13,2
48169,2018,24,5
48169,2019,31,7
48169,2020,30,6
48169,2021,3,1
48169,2022,43,5
48169,2023,64,9
48169,2024,35,6
48169,2025,6,2
48171,2015,4,1
48171,2016,4,1
48171,2017,8,2
48171,2018,18,4
48171,2019,11,2
48171,2020,12,3
48171,2021,3,1
48171,2022,34,4
48171,2023,76,6
48171,2024,8,2
48173,2015,12,2
48173,2016,12,3
48173,2017,13,2
48173,2018,16,4
48173,2019,23,5
48173,2020,23,4
48173,2021,4,1
48173,2022,26,5
48173,2023,75,10
48173,2024,28,5
48173,2025,6,2
48175,2018,3,1
48175,2023,31,4
48177,2015,10,2
48177,2016,3,1
48177,2017,3,1
48177,2018,24,3
48177,2019,45,4
48177,2020,22,4
48177,2021,4,1
48177,2022,60,4
48177,2023,95,6
48177,2024,32,5
48177,2025,16,3
48179,2015,3,1
48179,2016,6,2
48179,2017,4,1
48179,2018,13,2
48179,2019,18,4
48179,2020,20,5
48179,2021,8,2
48179,2022,19,5
48179,2023,30,6
48179,2024,42,7
48179,2025,4,1
48181,2015,13,2
48181,2016,6,2
48181,2017,3,1
48181,2018,23,4
48181,2019,12,3
48181,2020,3,1
48181,2022,50,6
48181,2023,43,7
48181,2024,21,4
48183,2015,13,3
48183,2016,8,2
48183,2017,4,1
48183,2018,35,5
48183,2019,18,2
48183,2022,55,7
48183,2023,47,8
48183,2024,13,3
48185,2015,11,2
48185,2016,7,2
48185,2018,22,4
48185,2019,25,5
48185,2020,17,4
48185,2022,65,5
48185,2023,89,5
48185,2024,8,2
48187,2015,27,4
48187,2016,7,2
48187,2017,15,2
48187,2018,42,5
48187,2019,42,2
48187,2020,36,3
48187,2021,4,1
48187,2022,69,6
48187,2023,92,6
48187,2024,28,5
48187,2025,7,2
48189,2015,10,3
48189,2016,23,5
48189,2017,13,2
48189,2018,16,4
48189,2019,23,5
48189,2020,31,5
48189,2021,6,2
48189,2022,34,7
48189,2023,41,8
48189,2024,31,6
48189,2025,6,1
48191,2015,8,2
48191,2016,3,1
48191,2017,4,1
48191,2018,19,4
48191,2019,21,5
48191,2020,23,5
48191,2021,12,3
48191,2022,36,7
48191,2023,25,6
48191,2024,29,5
48191,2025,5,1
48193,2015,10,2
48193,2016,7,2
48193,2017,12,2
48193,2018,34,5
48193,2019,27,5
48193,2020,15,3
48193,2021,4,1
48193,2022,62,5
48193,2023,85,10
48193,2024,15,3
48193,2025,3,1
48195,2015,4,1
48195,2016,16,5
48195,2017,7,2
48195,2018,7,2
48195,2019,18,4
48195,2020,22,4
48195,2021,17,4
48195,2022,25,5
48195,2023,25,4
48195,2024,32,5
48195,2025,4,1
48197,2017,7,2
48197,2018,8,2
48197,2019,7,2
48197,2020,8,2
48197,2022,30,6
48197,2023,38,8
48197,2024,21,4
48199,2015,23,3
48199,2016,4,1
48199,2018,13,3
48199,2019,8,2
48199,2021,8,2
48199,2022,44,6
48199,2023,97,6
48199,2024,15,3
48199,2025,11,3
48201,2015,21,2
48201,2016,29,5
48201,2017,8,2
48201,2018,23,5
48201,2019,24,4
48201,2020,19,4
48201,2021,8,2
48201,2022,57,6
48201,2023,99,3
48201,2024,35,6
48203,2015,18,3
48203,2016,4,1
48203,2017,7,2
48203,2018,29,5
48203,2019,12,2
48203,2021,3,1
48203,2022,46,5
48203,2023,40,7
48203,2024,4,1
48203,2025,10,3
48205,2015,14,3
48205,2016,19,5
48205,2017,10,3
48205,2018,13,4
48205,2019,39,10
48205,2020,38,8
48205,2021,22,5
48205,2022,20,4
48205,2023,33,6
48205,2024,43,7
48205,2025,11,3
48207,2015,7,1
48207,2016,18,5
48207,2017,3,1
48207,2018,12,3
48207,2019,12,3
48207,2020,15,3
48207,2022,37,8
48207,2023,46,10
48207,2024,28,6
48207,2025,3,1
48209,2015,7,1
48209,2017,14,2
48209,2018,34,4
48209,2019,23,4
48209,2020,11,2
48209,2022,48,6
48209,2023,78,7
48209,2024,7,2
48209,2025,3,1
48211,2016,3,1
48211,2017,7,2
48211,2018,8,2
48211,2019,5,1
48211,2020,16,4
48211,2021,7,2
48211,2022,25,5
48211,2023,25,6
48211,2024,23,3
48213,2015,17,4
48213,2016,11,2
48213,2018,33,5
48213,2019,18,3
48213,2020,5,1
48213,2022,51,6
48213,2023,43,7
48215,2015,9,2
48215,2016,45,7
48215,2017,39,6
48215,2018,41,5
48215,2019,52,5
48215,2020,13,3
48215,2021,6,2
48215,2022,16,3
48215,2023,92,5
48215,2024,23,2
48215,2025,19,4
48217,2015,4,1
48217,2016,7,1
48217,2017,4,1
48217,2018,39,5
48217,2019,23,3
48217,2020,11,3
48217,2022,58,4
48217,2023,87,9
48217,2024,30,4
48219,2016,9,2
48219,2017,8,2
48219,2018,8,2
48219,2019,7,2
48219,2020,18,3
48219,2021,4,1
48219,2022,8,2
48219,2023,26,8
48219,2024,10,1
48219,2025,3,1
48221,2015,7,1
48221,2016,10,2
48221,2017,7,2
48221,2018,40,4
48221,2019,21,4
48221,2020,18,4
48221,2021,4,1
48221,2022,64,5
48221,2023,72,10
48221,2024,18,3
48221,2025,6,2
48223,2015,9,2
48223,2016,22,4
48223,2018,23,5
48223,2019,9,2
48223,2020,3,1
48223,2022,42,6
48223,2023,21,4
48223,2024,11,3
48225,2015,28,4
48225,2016,18,4
48225,2018,21,4
48225,2019,11,3
48225,2020,5,1
48225,2022,43,5
48225,2023,47,7
48227,2015,5,1
48227,2016,24,5
48227,2017,17,3
48227,2018,15,4
48227,2019,16,4
48227,2020,27,4
48227,2022,23,6
48227,2023,58,8
48227,2024,20,3
48227,2025,6,2
48229,2015,34,6
48229,2016,29,4
48229,2017,9,3
48229,2018,25,6
48229,2019,25,6
48229,2020,49,8
48229,2021,23,5
48229,2022,15,4
48229,2023,73,9
48229,2024,58,8
48229,2025,27,5
48231,2015,14,3
48231,2016,22,4
48231,2017,13,2
48231,2018,37,6
48231,2019,16,3
48231,2020,9,2
48231,2021,3,1
48231,2022,51,6
48231,2023,27,5
48231,2024,11,2
48233,2015,5,1
48233,2016,14,4
48233,2017,12,2
48233,2018,20,4
48233,2019,31,7
48233,2020,38,7
48233,2021,23,6
48233,2022,35,7
48233,2023,36,6
48233,2024,35,6
48233,2025,4,1
48235,2015,16,3
48235,2016,13,3
48235,2017,9,2
48235,2018,24,6
48235,2019,25,5
48235,2020,28,6
48235,2021,7,2
48235,2022,33,9
48235,2023,72,10
48235,2024,28,5
48235,2025,3,1
48237,2015,3,1
48237,2018,17,4
48237,2019,9,2
48237,2020,8,2
48237,2022,44,8
48237,2023,53,9
48237,2024,7,1
48239,2015,14,2
48239,2016,15,3
48239,2017,3,1
48239,2018,25,3
48239,2019,35,5
48239,2020,16,4
48239,2021,4,1
48239,2022,60,6
48239,2023,99,5
48239,2024,18,4
48239,2025,4,1
48241,2015,19,3
48241,2016,4,1
48241,2018,6,2
48241,2019,3,1
48241,2022,47,8
48241,2023,68,9
48241,2024,3,1
48243,2015,30,5
48243,2016,31,6
48243,2017,24,5
48243,2018,18,4
48243,2019,28,4
48243,2020,44,7
48243,2021,14,2
48243,2022,13,3
48243,2023,68,8
48243,2024,30,6
48243,2025,8,1
48245,2015,23,3
48245,2016,5,1
48245,2018,18,3
48245,2019,21,5
48245,2020,3,1
48245,2021,5,1
48245,2022,32,3
48245,2023,82,4
48245,2024,12,2
48247,2016,7,2
48247,2017,4,1
48247,2018,6,2
48247,2019,20,4
48247,2020,11,2
48247,2021,4,1
48247,2022,16,3
48247,2023,71,8
48247,2024,7,2
48249,2016,17,3
48249,2017,8,2
48249,2018,14,2
48249,2019,32,7
48249,2020,4,1
48249,2021,3,1
48249,2022,20,3
48249,2023,87,8
48249,2024,10,3
48249,2025,6,2
48251,2015,3,1
48251,2016,4,1
48251,2018,28,6
48251,2019,12,2
48251,2020,6,2
48251,2022,44,6
48251,2023,46,8
48251,2025,3,1
48253,2015,8,2
48253,2017,9,2
48253,2018,12,3
48253,2019,12,3
48253,2020,14,3
48253,2022,41,7
48253,2023,53,9
48253,2024,31,5
48253,2025,3,1
48255,2015,5,1
48255,2016,4,1
48255,2017,3,1
48255,2018,9,1
48255,2019,14,2
48255,2020,12,3
48255,2021,4,1
48255,2022,34,4
48255,2023,85,6
48255,2024,8,2
48255,2025,4,1
48257,2015,6,2
48257,2017,3,1
48257,2018,27,5
48257,2019,12,2
48257,2020,6,1
48257,2022,42,4
48257,2023,33,5
48257,2024,5,1
48259,2015,9,2
48259,2016,8,2
48259,2017,7,2
48259,2018,46,6
48259,2019,44,5
48259,2020,14,3
48259,2021,5,1
48259,2022,84,3
48259,2023,99,5
48259,2024,32,5
48259,2025,17,4
48261,2016,20,5
48261,2017,15,3
48261,2018,20,3
48261,2019,24,4
48261,2020,10,2
48261,2021,18,2
48261,2022,28,5
48261,2023,90,6
48261,2024,28,4
48261,2025,30,8
48263,2015,12,3
48263,2016,12,3
48263,2017,18,3
48263,2018,27,6
48263,2019,34,7
48263,2020,28,5
48263,2021,4,1
48263,2022,53,9
48263,2023,53,10
48263,2024,33,6
48263,2025,6,2
48265,2015,13,3
48265,2016,4,1
48265,2017,9,1
48265,2018,19,3
48265,2019,18,2
48265,2020,13,3
48265,2021,5,1
48265,2022,37,6
48265,2023,80,7
48265,2024,17,3
48265,2025,4,1
48267,2015,13,2
48267,2016,22,4
48267,2017,12,2
48267,2018,30,6
48267,2019,32,6
48267,2020,21,4
48267,2021,7,2
48267,2022,34,4
48267,2023,79,7
48267,2024,13,2
48269,2015,12,3
48269,2017,7,2
48269,2018,12,3
48269,2019,14,3
48269,2020,19,4
48269,2021,3,1
48269,2022,33,7
48269,2023,36,7
48269,2024,29,4
48269,2025,6,2
48271,2016,3,1
48271,2017,9,2
48271,2018,14,2
48271,2019,9,2
48271,2020,8,2
48271,2022,23,5
48271,2023,74,8
48271,2024,14,2
48273,2015,4,1
48273,2016,14,3
48273,2017,18,5
48273,2018,17,3
48273,2019,30,6
48273,2020,12,3
48273,2021,7,2
48273,2022,36,6
48273,2023,105,5
48273,2024,21,2
48273,2025,7,2
48275,2015,8,2
48275,2016,3,1
48275,2017,7,2
48275,2018,18,5
48275,2019,14,4
48275,2020,11,2
48275,2022,51,9
48275,2023,42,7
48275,2024,31,4
48275,2025,3,1
48277,2015,9,2
48277,2016,4,1
48277,2018,12,2
48277,2020,3,1
48277,2022,40,8
48277,2023,16,4
48277,2024,20,5
48279,2015,3,1
48279,2016,8,2
48279,2017,13,2
48279,2018,11,3
48279,2019,18,5
48279,2020,23,4
48279,2021,7,2
48279,2022,18,3
48279,2023,43,9
48279,2024,31,7
48279,2025,5,1
48281,2015,7,1
48281,2016,3,1
48281,2017,6,2
48281,2018,30,7
48281,2019,22,5
48281,2020,14,3
48281,2021,4,1
48281,2022,45,7
48281,2023,80,10
48281,2024,13,3
48281,2025,4,1
48283,2015,13,2
48283,2016,22,4
48283,2017,14,3
48283,2018,9,3
48283,2019,51,8
48283,2020,25,5
48283,2021,17,2
48283,2022,62,6
48283,2023,85,5
48283,2024,26,6
48283,2025,12,3
48285,2015,14,2
48285,2016,5,1
48285,2017,13,4
48285,2018,29,4
48285,2019,42,8
48285,2020,21,5
48285,2021,9,2
48285,2022,60,8
48285,2023,100,6
48285,2024,18,4
48285,2025,10,3
48287,2015,5,1
48287,2016,3,1
48287,2018,16,4
48287,2019,49,6
48287,2020,28,5
48287,2022,55,5
48287,2023,73,8
48287,2024,7,2
48287,2025,3,1
48289,2015,7,1
48289,2018,7,1
48289,2019,6,2
48289,2020,6,1
48289,2022,18,4
48289,2023,58,9
48291,2015,19,2
48291,2016,23,5
48291,2018,26,4
48291,2019,30,5
48291,2020,13,3
48291,2021,5,1
48291,2022,41,4
48291,2023,96,6
48291,2024,16,3
48291,2025,5,1
48293,2015,4,1
48293,2018,19,3
48293,2019,9,2
48293,2020,3,1
48293,2022,49,7
48293,2023,55,8
48293,2024,8,2
48295,2015,6,2
48295,2016,7,2
48295,2017,12,4
48295,2018,9,2
48295,2019,8,2
48295,2020,16,5
48295,2021,13,3
48295,2022,30,7
48295,2023,16,4
48295,2024,22,5
48295,2025,3,1
48297,2016,8,2
48297,2017,6,2
48297,2018,6,1
48297,2019,18,4
48297,2020,8,2
48297,2021,4,1
48297,2022,18,2
48297,2023,66,5
48297,2024,21,5
48297,2025,38,8
48299,2015,8,1
48299,2016,4,1
48299,2017,3,1
48299,2018,24,5
48299,2019,26,5
48299,2020,18,4
48299,2021,3,1
48299,2022,42,6
48299,2023,84,7
48299,2024,6,1
48299,2025,3,1
48301,2015,18,3
48301,2016,12,3
48301,2017,14,2
48301,2018,15,3
48301,2019,22,5
48301,2020,25,4
48301,2021,8,2
48301,2022,24,5
48301,2023,73,9
48301,2024,33,5
48301,2025,6,2
48303,2015,3,1
48303,2016,8,2
48303,2017,8,2
48303,2018,8,2
48303,2019,18,4
48303,2020,27,5
48303,2021,3,1
48303,2022,19,5
48303,2023,48,9
48303,2024,21,4
48303,2025,6,1
48305,2015,9,2
48305,2016,8,2
48305,2017,12,2
48305,2018,15,3
48305,2019,21,5
48305,2020,26,5
48305,2021,3,1
48305,2022,22,5
48305,2023,51,10
48305,2024,21,4
48307,2015,11,2
48307,2017,4,1
48307,2018,12,3
48307,2020,6,2
48307,2022,14,4
48307,2023,41,8
48307,2024,18,5
48307,2025,4,1
48309,2015,12,2
48309,2016,17,3
48309,2017,7,2
48309,2018,43,5
48309,2019,21,3
48309,2020,13,3
48309,2021,7,2
48309,2022,71,4
48309,2023,79,10
48309,2024,26,6
48311,2016,17,4
48311,2017,22,5
48311,2018,18,4
48311,2019,27,5
48311,2020,4,1
48311,2021,5,1
48311,2022,29,4
48311,2023,65,8
48311,2024,6,2
48311,2025,13,4
48313,2015,3,1
48313,2019,8,2
48313,2022,40,7
48313,2023,41,5
48313,2024,4,1
48315,2015,25,4
48315,2016,4,1
48315,2018,21,5
48315,2019,12,2
48315,2022,45,7
48315,2023,27,5
48315,2025,3,1
48317,2015,14,3
48317,2016,13,3
48317,2017,14,2
48317,2018,18,4
48317,2019,25,6
48317,2020,28,5
48317,2021,7,2
48317,2022,30,5
48317,2023,73,9
48317,2024,36,6
48317,2025,6,2
48319,2015,22,4
48319,2016,24,6
48319,2017,12,2
48319,2018,36,5
48319,2019,26,6
48319,2020,20,4
48319,2021,12,2
48319,2022,66,4
48319,2023,89,5
48319,2024,20,4
48321,2015,13,2
48321,2016,20,4
48321,2018,31,5
48321,2019,45,7
48321,2020,13,3
48321,2021,6,1
48321,2022,63,8
48321,2023,97,6
48321,2024,23,6
48323,2017,4,1
48323,2018,6,2
48323,2020,3,1
48323,2022,7,2
48323,2023,44,8
48323,2024,3,1
48325,2015,20,4
48325,2016,13,3
48325,2017,35,5
48325,2018,32,6
48325,2019,28,3
48325,2020,15,3
48325,2021,10,2
48325,2022,67,7
48325,2023,83,8
48325,2024,20,4
48325,2025,13,4
48327,2015,13,2
48327,2016,12,3
48327,2017,15,4
48327,2018,16,3
48327,2019,9,2
48327,2020,16,3
48327,2021,4,1
48327,2022,21,4
48327,2023,61,8
48327,2024,10,2
48329,2015,22,4
48329,2016,16,3
48329,2017,15,2
48329,2018,19,3
48329,2019,28,5
48329,2020,29,5
48329,2021,4,1
48329,2022,17,4
48329,2023,64,7
48329,2024,18,3
48329,2025,9,3
48331,2015,8,1
48331,2016,4,1
48331,2017,3,1
48331,2018,33,5
48331,2019,29,3
48331,2020,20,4
48331,2021,3,1
48331,2022,65,8
48331,2023,83,8
48331,2024,14,3
48331,2025,3,1
48333,2015,10,2
48333,2016,5,1
48333,2017,4,1
48333,2018,23,4
48333,2019,21,4
48333,2020,13,3
48333,2022,34,7
48333,2023,73,9
48333,2024,12,3
48333,2025,5,1
48335,2015,6,1
48335,2016,3,1
48335,2017,12,2
48335,2018,6,1
48335,2019,18,4
48335,2020,19,3
48335,2022,26,5
48335,2023,56,9
48335,2024,22,4
48335,2025,3,1
48337,2017,3,1
48337,2018,32,6
48337,2019,9,2
48337,2020,9,2
48337,2022,50,6
48337,2023,57,9
48337,2024,17,3
48339,2015,10,2
48339,2016,24,5
48339,2018,23,5
48339,2019,17,3
48339,2020,18,3
48339,2021,5,1
48339,2022,64,6
48339,2023,91,5
48339,2024,13,3
48341,2015,5,1
48341,2016,20,5
48341,2017,10,3
48341,2018,14,4
48341,2019,13,3
48341,2020,20,4
48341,2021,11,3
48341,2022,23,5
48341,2023,40,7
48341,2024,36,6
48341,2025,5,1
48343,2015,12,2
48343,2016,3,1
48343,2017,3,1
48343,2018,12,4
48343,2019,9,2
48343,2022,34,7
48343,2023,27,5
48343,2024,4,1
48345,2016,4,1
48345,2017,13,3
48345,2018,17,4
48345,2019,17,4
48345,2020,27,5
48345,2021,3,1
48345,2022,39,7
48345,2023,25,6
48345,2024,31,4
48345,2025,5,1
48347,2018,3,1
48347,2019,4,1
48347,2022,49,7
48347,2023,52,7
48347,2024,6,1
48347,2025,13,2
48349,2015,11,3
48349,2016,7,2
48349,2017,4,1
48349,2018,36,5
48349,2019,19,3
48349,2020,4,1
48349,2022,52,5
48349,2023,48,7
48349,2024,13,4
48351,2015,24,3
48351,2016,18,3
48351,2018,7,2
48351,2019,8,2
48351,2021,4,1
48351,2022,30,6
48351,2023,92,8
48351,2024,4,1
48353,2015,8,2
48353,2016,8,2
48353,2017,13,3
48353,2018,21,5
48353,2019,9,2
48353,2020,26,5
48353,2022,47,9
48353,2023,62,8
48353,2024,37,8
48353,2025,3,1
48355,2016,4,1
48355,2017,3,1
48355,2018,3,1
48355,2019,12,3
48355,2020,3,1
48355,2021,6,2
48355,2022,7,2
48355,2023,55,8
48355,2024,35,4
48355,2025,12,2
48357,2015,7,2
48357,2016,13,3
48357,2017,11,3
48357,2018,12,3
48357,2019,6,1
48357,2020,5,1
48357,2021,15,4
48357,2022,26,6
48357,2023,29,6
48357,2024,29,4
48357,2025,4,1
48359,2015,6,1
48359,2016,16,4
48359,2017,9,3
48359,2018,8,2
48359,2019,17,4
48359,2020,22,4
48359,2021,15,4
48359,2022,16,4
48359,2023,36,8
48359,2024,24,5
48359,2025,4,1
48361,2015,11,2
48361,2018,13,3
48361,2019,37,8
48361,2020,3,1
48361,2022,28,4
48361,2023,61,8
48361,2024,12,3
48363,2015,9,2
48363,2016,6,2
48363,2017,11,2
48363,2018,21,5
48363,2019,18,3
48363,2020,13,3
48363,2022,55,7
48363,2023,68,9
48363,2024,19,4
48363,2025,5,1
48365,2015,6,1
48365,2018,23,5
48365,2019,8,2
48365,2021,4,1
48365,2022,27,5
48365,2023,32,5
48365,2024,3,1
48367,2016,3,1
48367,2017,4,1
48367,2018,35,6
48367,2019,13,2
48367,2020,12,3
48367,2022,59,5
48367,2023,73,10
48367,2024,13,2
48367,2025,6,1
48369,2015,19,4
48369,2016,19,4
48369,2017,15,3
48369,2018,13,3
48369,2019,37,6
48369,2020,20,4
48369,2021,14,3
48369,2022,31,5
48369,2023,50,9
48369,2024,38,7
48369,2025,8,2
48371,2015,22,3
48371,2016,9,2
48371,2017,17,5
48371,2019,16,3
48371,2020,29,6
48371,2021,14,3
48371,2022,15,4
48371,2023,64,7
48371,2024,31,7
48371,2025,9,3
48373,2015,4,1
48373,2016,8,2
48373,2019,8,2
48373,2020,3,1
48373,2022,49,5
48373,2023,78,6
48373,2024,3,1
48375,2015,5,1
48375,2016,12,3
48375,2017,8,1
48375,2018,12,3
48375,2019,19,4
48375,2020,24,4
48375,2021,9,3
48375,2022,11,2
48375,2023,30,5
48375,2024,41,6
48375,2025,7,2
48377,2019,7,1
48377,2020,25,4
48377,2021,10,2
48377,2022,20,4
48377,2023,84,8
48377,2024,31,6
48377,2025,22,4
48379,2015,3,1
48379,2016,6,2
48379,2018,26,5
48379,2019,3,1
48379,2022,38,4
48379,2023,26,5
48379,2024,6,2
48381,2016,14,4
48381,2017,6,2
48381,2018,12,3
48381,2019,17,3
48381,2020,21,3
48381,2021,5,1
48381,2022,13,2
48381,2023,30,7
48381,2024,26,4
48381,2025,4,1
48383,2015,15,3
48383,2016,9,3
48383,2017,10,2
48383,2018,21,4
48383,2019,29,7
48383,2020,28,6
48383,2021,10,3
48383,2022,51,6
48383,2023,64,7
48383,2024,52,9
48383,2025,16,3
48385,2015,3,1
48385,2017,12,2
48385,2018,3,1
48385,2019,3,1
48385,2020,15,4
48385,2022,17,3
48385,2023,59,7
48385,2024,31,6
48385,2025,13,4
48387,2015,12,2
48387,2016,18,5
48387,2017,3,1
48387,2018,14,3
48387,2019,8,2
48387,2020,4,1
48387,2021,6,1
48387,2022,45,7
48387,2023,18,3
48387,2024,3,1
48387,2025,4,1
48389,2015,23,4
48389,2016,25,5
48389,2017,8,2
48389,2018,3,1
48389,2019,15,3
48389,2020,25,3
48389,2021,6,1
48389,2022,11,3
48389,2023,57,7
48389,2024,41,6
48389,2025,11,2
48391,2015,5,1
48391,2016,3,1
48391,2023,7,2
48393,2015,5,1
48393,2016,16,5
48393,2017,15,3
48393,2018,17,3
48393,2019,13,3
48393,2020,30,6
48393,2021,8,2
48393,2022,32,7
48393,2023,47,7
48393,2024,32,5
48393,2025,4,1
48395,2015,6,1
48395,2018,13,3
48395,2019,25,3
48395,2020,13,2
48395,2021,8,2
48395,2022,65,5
48395,2023,80,7
48395,2024,16,5
48395,2025,7,2
48397,2015,6,1
48397,2016,10,2
48397,2017,5,1
48397,2018,14,2
48397,2019,16,3
48397,2020,7,2
48397,2022,45,6
48397,2023,48,9
48397,2024,5,1
48399,2015,13,3
48399,2016,4,1
48399,2017,13,3
48399,2018,16,4
48399,2019,17,4
48399,2020,16,3
48399,2022,35,8
48399,2023,58,9
48399,2024,24,4
48399,2025,5,1
48401,2015,4,1
48401,2017,5,1
48401,2018,40,5
48401,2019,13,2
48401,2021,3,1
48401,2022,37,5
48401,2023,48,6
48401,2024,3,1
48401,2025,8,2
48403,2015,22,3
48403,2016,4,1
48403,2018,12,3
48403,2019,10,2
48403,2022,52,8
48403,2023,72,9
48403,2025,11,3
48405,2015,15,2
48405,2017,5,1
48405,2018,30,5
48405,2019,8,2
48405,2022,51,7
48405,2023,58,9
48407,2015,8,1
48407,2016,9,3
48407,2018,18,3
48407,2019,13,3
48407,2020,9,2
48407,2021,4,1
48407,2022,54,6
48407,2023,85,6
48407,2024,7,2
48409,2015,4,1
48409,2016,10,2
48409,2017,3,1
48409,2018,5,1
48409,2019,6,2
48409,2020,7,2
48409,2021,4,1
48409,2022,42,6
48409,2023,75,5
48409,2024,22,3
48409,2025,10,3
48411,2015,8,1
48411,2016,3,1
48411,2017,7,2
48411,2018,16,3
48411,2019,21,4
48411,2020,13,3
48411,2021,3,1
48411,2022,32,5
48411,2023,80,10
48411,2024,6,1
48413,2015,11,2
48413,2016,3,1
48413,2017,14,4
48413,2018,21,5
48413,2020,14,3
48413,2021,4,1
48413,2022,17,4
48413,2023,57,7
48413,2024,12,2
48415,2015,5,1
48415,2016,5,1
48415,2017,11,3
48415,2018,11,3
48415,2019,32,7
48415,2020,24,4
48415,2021,4,1
48415,2022,35,6
48415,2023,58,10
48415,2024,39,5
48415,2025,5,1
48417,2017,8,1
48417,2018,20,6
48417,2019,8,2
48417,2020,20,4
48417,2022,49,9
48417,2023,69,9
48417,2024,41,8
48417,2025,5,1
48419,2015,5,1
48419,2018,21,5
48419,2019,10,2
48419,2022,47,6
48419,2023,53,7
48421,2015,9,2
48421,2016,13,4
48421,2017,11,3
48421,2018,7,2
48421,2019,26,5
48421,2020,33,6
48421,2021,15,4
48421,2022,35,7
48421,2023,46,6
48421,2024,40,6
48421,2025,5,1
48423,2015,15,3
48423,2016,18,3
48423,2018,24,4
48423,2019,21,2
48423,2021,4,1
48423,2022,51,6
48423,2023,39,7
48423,2024,4,1
48425,2018,13,3
48425,2019,8,2
48425,2020,6,2
48425,2022,45,5
48425,2023,38,8
48427,2015,13,3
48427,2016,34,5
48427,2017,25,6
48427,2018,35,4
48427,2019,64,8
48427,2020,25,3
48427,2021,16,4
48427,2022,16,3
48427,2023,71,6
48427,2024,3,1
48427,2025,6,2
48429,2017,5,1
48429,2018,16,4
48429,2019,16,3
48429,2020,14,3
48429,2022,53,6
48429,2023,67,10
48429,2024,24,4
48429,2025,5,1
48431,2015,4,1
48431,2017,8,2
48431,2018,16,4
48431,2019,20,4
48431,2020,20,3
48431,2021,3,1
48431,2022,39,6
48431,2023,74,10
48431,2024,28,6
48431,2025,3,1
48433,2015,12,3
48433,2016,3,1
48433,2017,6,1
48433,2018,21,6
48433,2019,23,5
48433,2020,13,3
48433,2022,32,8
48433,2023,26,6
48433,2024,18,3
48433,2025,3,1
48435,2015,6,1
48435,2016,12,3
48435,2017,9,1
48435,2018,13,3
48435,2019,16,4
48435,2020,14,3
48435,2021,4,1
48435,2022,27,6
48435,2023,70,8
48435,2024,21,5
48437,2015,3,1
48437,2016,5,1
48437,2017,6,2
48437,2018,9,2
48437,2019,22,4
48437,2020,32,6
48437,2021,7,2
48437,2022,29,6
48437,2023,31,7
48437,2024,33,4
48437,2025,8,2
48439,2015,10,2
48439,2016,6,1
48439,2017,4,1
48439,2018,32,5
48439,2019,18,3
48439,2020,12,3
48439,2022,52,5
48439,2023,62,9
48439,2024,10,3
48439,2025,4,1
48441,2015,10,2
48441,2017,9,1
48441,2018,22,6
48441,2019,27,4
48441,2020,18,3
48441,2021,4,1
48441,2022,63,6
48441,2023,77,9
48441,2024,36,7
48441,2025,5,1
48443,2015,61,5
48443,2016,29,5
48443,2017,16,4
48443,2018,24,6
48443,2019,38,6
48443,2020,27,5
48443,2021,12,3
48443,2022,33,7
48443,2023,58,5
48443,2024,17,5
48443,2025,23,7
48445,2015,9,2
48445,2016,9,2
48445,2017,17,3
48445,2018,11,3
48445,2019,13,3
48445,2020,32,5
48445,2021,12,3
48445,2022,18,4
48445,2023,49,10
48445,2024,31,6
48445,2025,6,1
48447,2017,4,1
48447,2018,11,3
48447,2019,7,2
48447,2020,9,2
48447,2021,3,1
48447,2022,31,6
48447,2023,66,10
48447,2024,15,3
48447,2025,3,1
48449,2015,19,3
48449,2016,40,7
48449,2017,7,1
48449,2018,16,4
48449,2019,8,2
48449,2022,61,6
48449,2023,50,8
48449,2024,16,4
48449,2025,37,7
48451,2015,20,4
48451,2016,21,5
48451,2017,25,5
48451,2018,33,6
48451,2019,37,6
48451,2020,37,6
48451,2021,7,2
48451,2022,58,6
48451,2023,74,9
48451,2024,37,5
48453,2015,5,1
48453,2016,4,1
48453,2017,7,2
48453,2018,28,7
48453,2019,29,3
48453,2020,14,3
48453,2021,3,1
48453,2022,67,6
48453,2023,79,8
48453,2024,15,2
48453,2025,3,1
48455,2015,5,1
48455,2018,8,2
48455,2019,8,2
48455,2022,42,5
48455,2023,53,8
48457,2015,44,4
48457,2016,32,6
48457,2018,14,4
48457,2019,14,3
48457,2021,4,1
48457,2022,43,5
48457,2023,88,7
48457,2024,6,2
48459,2015,7,2
48459,2016,3,1
48459,2018,25,5
48459,2019,13,2
48459,2021,4,1
48459,2022,47,6
48459,2023,30,5
48459,2024,4,1
48461,2015,19,3
48461,2016,14,3
48461,2017,12,3
48461,2018,15,3
48461,2019,23,5
48461,2020,22,4
48461,2021,4,1
48461,2022,19,4
48461,2023,69,8
48461,2024,8,2
48461,2025,6,2
48463,2016,6,2
48463,2017,9,3
48463,2018,18,4
48463,2019,23,3
48463,2020,14,3
48463,2021,3,1
48463,2022,24,5
48463,2023,52,7
48463,2024,14,3
48463,2025,3,1
48465,2015,18,2
48465,2016,17,3
48465,2017,15,3
48465,2018,28,6
48465,2019,49,5
48465,2020,32,4
48465,2021,19,2
48465,2022,28,5
48465,2023,81,5
48465,2024,40,5
48465,2025,10,3
48467,2015,7,1
48467,2016,10,2
48467,2017,3,1
48467,2018,39,7
48467,2019,10,3
48467,2020,10,2
48467,2022,52,7
48467,2023,38,8
48467,2024,4,1
48469,2015,10,2
48469,2016,17,3
48469,2017,10,2
48469,2018,19,3
48469,2019,16,4
48469,2020,16,5
48469,2021,4,1
48469,2022,32,4
48469,2023,100,6
48469,2024,17,3
48469,2025,8,2
48471,2015,4,1
48471,2018,6,2
48471,2019,15,3
48471,2020,12,3
48471,2021,4,1
48471,2022,67,5
48471,2023,79,6
48471,2024,10,2
48473,2015,12,2
48473,2016,11,3
48473,2017,4,1
48473,2018,19,3
48473,2019,28,5
48473,2020,17,4
48473,2021,3,1
48473,2022,63,5
48473,2023,92,5
48473,2024,9,2
48475,2015,12,3
48475,2016,9,2
48475,2017,7,2
48475,2018,5,1
48475,2019,19,4
48475,2020,19,4
48475,2021,8,2
48475,2022,3,1
48475,2023,44,8
48475,2024,11,3
48475,2025,3,1
48477,2015,6,1
48477,2019,4,1
48477,2022,54,7
48477,2023,59,7
48479,2015,15,3
48479,2016,18,5
48479,2017,11,3
48479,2018,10,2
48479,2019,30,5
48479,2020,12,3
48479,2021,5,1
48479,2022,25,5
48479,2023,66,5
48479,2024,14,3
48479,2025,20,5
48481,2015,15,2
48481,2016,21,5
48481,2018,25,4
48481,2019,11,2
48481,2020,7,2
48481,2022,37,5
48481,2023,95,5
48481,2024,17,3
48483,2015,4,1
48483,2017,7,2
48483,2018,10,2
48483,2019,12,3
48483,2020,18,4
48483,2021,3,1
48483,2022,25,5
48483,2023,31,6
48483,2024,23,3
48483,2025,4,1
48485,2017,6,2
48485,2018,12,3
48485,2019,3,1
48485,2021,3,1
48485,2022,40,8
48485,2023,45,8
48485,2024,19,4
48487,2017,4,1
48487,2018,6,1
48487,2019,7,2
48487,2020,8,2
48487,2022,34,6
48487,2023,45,9
48487,2024,20,4
48489,2016,27,4
48489,2017,14,4
48489,2018,58,5
48489,2019,72,8
48489,2020,34,5
48489,2021,12,2
48489,2022,9,2
48489,2023,69,8
48489,2024,17,3
48489,2025,9,2
48491,2015,9,2
48491,2016,4,1
48491,2017,6,2
48491,2018,27,6
48491,2019,22,3
48491,2020,16,4
48491,2021,7,2
48491,2022,61,4
48491,2023,87,7
48491,2024,14,2
48491,2025,3,1
48493,2015,4,1
48493,2016,12,3
48493,2017,3,1
48493,2018,7,2
48493,2020,5,1
48493,2021,3,1
48493,2022,24,5
48493,2023,71,8
48493,2024,4,1
48495,2015,20,4
48495,2016,9,2
48495,2017,10,3
48495,2018,10,2
48495,2019,18,4
48495,2020,22,4
48495,2022,3,1
48495,2023,50,7
48495,2024,22,6
48497,2018,31,5
48497,2019,7,1
48497,2020,4,1
48497,2022,38,4
48497,2023,57,10
48497,2024,9,2
48497,2025,4,1
48499,2015,3,1
48499,2018,15,4
48499,2019,9,2
48499,2022,32,6
48499,2023,29,5
48499,2024,3,1
48501,2015,12,3
48501,2016,12,3
48501,2017,21,3
48501,2018,12,3
48501,2019,25,6
48501,2020,29,5
48501,2021,14,3
48501,2022,24,6
48501,2023,57,10
48501,2024,24,5
48501,2025,7,1
48503,2015,3,1
48503,2017,7,2
48503,2018,13,3
48503,2019,7,2
48503,2020,5,1
48503,2022,42,10
48503,2023,50,10
48503,2024,9,1
48503,2025,3,1
48505,2016,12,3
48505,2020,3,1
48505,2022,5,1
48505,2023,41,8
48505,2024,3,1
48507,2018,10,2
48507,2019,6,2
48507,2020,12,3
48507,2021,3,1
48507,2022,20,4
48507,2023,66,7
48507,2024,4,1
