county_fips,year,classified_assessment_dates
48001,2015,24
48001,2016,28
48001,2017,13
48001,2018,34
48001,2019,15
48001,2020,15
48001,2022,54
48001,2023,60
48001,2024,16
48001,2025,5
48003,2015,21
48003,2016,26
48003,2017,13
48003,2018,26
48003,2019,26
48003,2020,34
48003,2021,9
48003,2022,41
48003,2023,56
48003,2024,35
48003,2025,6
48005,2015,21
48005,2016,31
48005,2017,12
48005,2018,31
48005,2019,17
48005,2020,25
48005,2021,23
48005,2022,60
48005,2023,75
48005,2024,34
48005,2025,16
48007,2015,7
48007,2016,24
48007,2017,25
48007,2018,7
48007,2019,29
48007,2020,29
48007,2021,12
48007,2022,35
48007,2023,85
48007,2024,62
48007,2025,34
48009,2015,5
48009,2016,15
48009,2017,10
48009,2018,9
48009,2019,10
48009,2020,13
48009,2022,38
48009,2023,51
48009,2024,27
48011,2015,15
48011,2016,32
48011,2017,18
48011,2018,25
48011,2019,26
48011,2020,33
48011,2021,16
48011,2022,51
48011,2023,52
48011,2024,45
48011,2025,14
48013,2015,30
48013,2016,24
48013,2017,35
48013,2018,26
48013,2019,45
48013,2020,34
48013,2021,7
48013,2022,61
48013,2023,72
48013,2024,24
48013,2025,14
48015,2015,14
48015,2016,23
48015,2017,23
48015,2018,22
48015,2019,35
48015,2020,30
48015,2021,5
48015,2022,65
48015,2023,84
48015,2024,28
48017,2015,4
48017,2016,15
48017,2017,6
48017,2018,14
48017,2019,16
48017,2020,31
48017,2021,8
48017,2022,34
48017,2023,39
48017,2024,29
48017,2025,12
48019,2015,26
48019,2016,33
48019,2017,38
48019,2018,43
48019,2019,35
48019,2020,36
48019,2021,2
48019,2022,57
48019,2023,75
48019,2024,43
48019,2025,11
48021,2015,18
48021,2016,25
48021,2017,39
48021,2018,30
48021,2019,32
48021,2020,28
48021,2021,2
48021,2022,58
48021,2023,78
48021,2024,31
48021,2025,18
48023,2015,14
48023,2016,20
48023,2017,8
48023,2018,25
48023,2019,14
48023,2020,21
48023,2021,3
48023,2022,39
48023,2023,49
48023,2024,33
48023,2025,5
48025,2015,3
48025,2016,11
48025,2017,14
48025,2018,9
48025,2019,23
48025,2020,21
48025,2022,15
48025,2023,82
48025,2024,12
48025,2025,20
48027,2015,17
48027,2016,24
48027,2017,16
48027,2018,37
48027,2019,18
48027,2020,34
48027,2022,56
48027,2023,77
48027,2024,31
48027,2025,4
48029,2015,30
48029,2016,30
48029,2017,27
48029,2018,18
48029,2019,23
48029,2020,23
48029,2022,33
48029,2023,66
48029,2024,35
48029,2025,13
48031,2015,13
48031,2016,31
48031,2017,15
48031,2018,20
48031,2019,22
48031,2020,31
48031,2021,2
48031,2022,72
48031,2023,92
48031,2024,40
48031,2025,9
48033,2015,10
48033,2016,19
48033,2017,8
48033,2018,28
48033,2019,28
48033,2020,34
48033,2021,1
48033,2022,52
48033,2023,54
48033,2024,34
48033,2025,6
48035,2015,10
48035,2016,11
48035,2017,3
48035,2018,16
48035,2019,11
48035,2020,13
48035,2022,38
48035,2023,71
48035,2024,20
48037,2015,18
48037,2016,20
48037,2017,3
48037,2018,19
48037,2019,15
48037,2020,2
48037,2021,8
48037,2022,35
48037,2023,33
48037,2024,18
48037,2025,16
48039,2015,38
48039,2016,67
48039,2017,32
48039,2018,30
48039,2019,32
48039,2020,42
48039,2021,15
48039,2022,37
48039,2023,77
48039,2024,36
48039,2025,12
48041,2015,16
48041,2016,26
48041,2017,26
48041,2018,24
48041,2019,32
48041,2020,26
48041,2021,4
48041,2022,71
48041,2023,91
48041,2024,20
48041,2025,3
48043,2015,13
48043,2016,26
48043,2017,14
48043,2018,24
48043,2019,22
48043,2020,31
48043,2021,13
48043,2022,36
48043,2023,64
48043,2024,50
48043,2025,13
48045,2015,15
48045,2016,28
48045,2017,9
48045,2018,33
48045,2019,26
48045,2020,33
48045,2021,19
48045,2022,55
48045,2023,39
48045,2024,53
48045,2025,26
48047,2016,18
48047,2017,13
48047,2018,9
48047,2019,25
48047,2020,14
48047,2022,13
48047,2023,62
48047,2024,15
48049,2015,29
48049,2016,30
48049,2017,12
48049,2018,55
48049,2019,26
48049,2020,21
48049,2021,3
48049,2022,62
48049,2023,63
48049,2024,29
48049,2025,1
48051,2015,19
48051,2016,17
48051,2017,18
48051,2018,13
48051,2019,12
48051,2020,20
48051,2021,2
48051,2022,66
48051,2023,72
48051,2024,20
48053,2015,31
48053,2016,34
48053,2017,25
48053,2018,45
48053,2019,26
48053,2020,35
48053,2021,1
48053,2022,58
48053,2023,81
48053,2024,27
48053,2025,2
48055,2015,39
48055,2016,29
48055,2017,37
48055,2018,48
48055,2019,51
48055,2020,39
48055,2021,1
48055,2022,63
48055,2023,89
48055,2024,37
48055,2025,25
48057,2015,8
48057,2016,25
48057,2017,13
48057,2018,4
48057,2019,30
48057,2020,30
48057,2021,8
48057,2022,19
48057,2023,71
48057,2024,26
48057,2025,21
48059,2015,10
48059,2016,30
48059,2017,6
48059,2018,31
48059,2019,14
48059,2020,24
48059,2021,4
48059,2022,48
48059,2023,56
48059,2024,31
48059,2025,2
48061,2015,16
48061,2016,53
48061,2017,36
48061,2018,50
48061,2019,53
48061,2020,21
48061,2021,13
48061,2022,34
48061,2023,83
48061,2024,33
48061,2025,16
48063,2015,38
48063,2016,30
48063,2017,4
48063,2018,19
48063,2019,13
48063,2020,2
48063,2021,1
48063,2022,44
48063,2023,44
48063,2024,12
48063,2025,8
48065,2015,9
48065,2016,27
48065,2017,21
48065,2018,34
48065,2019,26
48065,2020,36
48065,2021,18
48065,2022,53
48065,2023,47
48065,2024,46
48065,2025,13
48067,2015,21
48067,2016,18
48067,2017,5
48067,2018,18
48067,2019,17
48067,2020,2
48067,2021,4
48067,2022,39
48067,2023,38
48067,2024,10
48067,2025,11
48069,2015,2
48069,2016,18
48069,2017,10
48069,2018,12
48069,2019,22
48069,2020,31
48069,2021,7
48069,2022,45
48069,2023,42
48069,2024,41
48069,2025,14
48071,2015,18
48071,2016,14
48071,2017,9
48071,2018,9
48071,2019,16
48071,2020,11
48071,2021,7
48071,2022,9
48071,2023,64
48071,2024,31
48071,2025,5
48073,2015,14
48073,2016,24
48073,2018,22
48073,2019,8
48073,2020,4
48073,2022,36
48073,2023,43
48073,2024,8
48073,2025,5
48075,2015,10
48075,2016,12
48075,2017,7
48075,2018,17
48075,2019,20
48075,2020,26
48075,2021,9
48075,2022,55
48075,2023,40
48075,2024,42
48075,2025,9
48077,2015,7
48077,2016,15
48077,2017,5
48077,2018,18
48077,2019,12
48077,2020,18
48077,2022,43
48077,2023,55
48077,2024,28
48077,2025,1
48079,2015,7
48079,2016,29
48079,2017,15
48079,2018,20
48079,2019,21
48079,2020,34
48079,2021,12
48079,2022,46
48079,2023,51
48079,2024,40
48079,2025,6
48081,2015,9
48081,2016,16
48081,2018,7
48081,2019,7
48081,2020,15
48081,2022,33
48081,2023,40
48081,2024,32
48083,2015,25
48083,2016,34
48083,2017,11
48083,2018,54
48083,2019,28
48083,2020,36
48083,2021,6
48083,2022,57
48083,2023,70
48083,2024,33
48083,2025,1
48085,2015,20
48085,2016,16
48085,2017,5
48085,2018,22
48085,2019,19
48085,2020,19
48085,2021,7
48085,2022,52
48085,2023,52
48085,2024,39
48085,2025,19
48087,2015,6
48087,2016,13
48087,2017,15
48087,2018,6
48087,2019,13
48087,2020,17
48087,2022,31
48087,2023,31
48087,2024,29
48087,2025,2
48089,2015,29
48089,2016,31
48089,2017,24
48089,2018,31
48089,2019,31
48089,2020,23
48089,2022,62
48089,2023,88
48089,2024,30
48089,2025,7
48091,2015,14
48091,2016,23
48091,2017,34
48091,2018,50
48091,2019,35
48091,2020,36
48091,2022,55
48091,2023,83
48091,2024,31
48091,2025,12
48093,2015,12
48093,2016,30
48093,2017,12
48093,2018,33
48093,2019,23
48093,2020,29
48093,2021,10
48093,2022,68
48093,2023,87
48093,2024,44
48093,2025,10
48095,2015,8
48095,2016,19
48095,2017,6
48095,2018,28
48095,2019,17
48095,2020,29
48095,2022,41
48095,2023,59
48095,2024,27
48097,2015,7
48097,2016,8
48097,2017,2
48097,2018,13
48097,2019,11
48097,2020,5
48097,2022,38
48097,2023,43
48097,2024,21
48097,2025,3
48099,2015,32
48099,2016,34
48099,2017,35
48099,2018,51
48099,2019,24
48099,2020,32
48099,2021,1
48099,2022,58
48099,2023,78
48099,2024,37
48099,2025,3
48101,2015,12
48101,2016,16
48101,2017,13
48101,2018,28
48101,2019,22
48101,2020,25
48101,2021,9
48101,2022,58
48101,2023,47
48101,2024,33
48101,2025,7
48103,2015,25
48103,2016,32
48103,2017,15
48103,2018,51
48103,2019,36
48103,2020,45
48103,2021,8
48103,2022,36
48103,2023,71
48103,2024,40
48103,2025,22
48105,2015,21
48105,2016,38
48105,2017,3
48105,2018,27
48105,2019,32
48105,2020,39
48105,2021,3
48105,2022,47
48105,2023,67
48105,2024,36
48105,2025,2
48107,2015,9
48107,2016,32
48107,2017,13
48107,2018,33
48107,2019,33
48107,2020,39
48107,2021,8
48107,2022,60
48107,2023,55
48107,2024,47
48107,2025,16
48109,2015,4
48109,2016,19
48109,2017,9
48109,2018,19
48109,2019,23
48109,2020,27
48109,2021,13
48109,2022,18
48109,2023,46
48109,2024,19
48109,2025,7
48111,2015,12
48111,2016,26
48111,2017,21
48111,2018,15
48111,2019,26
48111,2020,34
48111,2021,13
48111,2022,47
48111,2023,42
48111,2024,43
48111,2025,14
48113,2015,17
48113,2016,17
48113,2017,6
48113,2018,27
48113,2019,13
48113,2020,13
48113,2021,2
48113,2022,40
48113,2023,45
48113,2024,19
48113,2025,3
48115,2015,15
48115,2016,25
48115,2017,15
48115,2018,35
48115,2019,39
48115,2020,43
48115,2021,13
48115,2022,61
48115,2023,67
48115,2024,51
48115,2025,15
48117,2015,16
48117,2016,34
48117,2017,20
48117,2018,20
48117,2019,25
48117,2020,38
48117,2021,16
48117,2022,54
48117,2023,49
48117,2024,34
48117,2025,12
48119,2015,26
48119,2016,29
48119,2017,6
48119,2018,29
48119,2019,14
48119,2020,14
48119,2021,2
48119,2022,51
48119,2023,47
48119,2024,20
48119,2025,8
48121,2015,18
48121,2016,14
48121,2017,5
48121,2018,25
48121,2019,13
48121,2020,17
48121,2021,4
48121,2022,52
48121,2023,53
48121,2024,31
48121,2025,10
48123,2015,26
48123,2016,32
48123,2017,29
48123,2018,50
48123,2019,56
48123,2020,44
48123,2022,57
48123,2023,96
48123,2024,58
48123,2025,41
48125,2015,7
48125,2016,23
48125,2017,9
48125,2018,20
48125,2019,26
48125,2020,35
48125,2021,7
48125,2022,50
48125,2023,51
48125,2024,43
48125,2025,18
48127,2015,3
48127,2016,22
48127,2017,22
48127,2018,39
48127,2019,37
48127,2020,28
48127,2022,42
48127,2023,59
48127,2024,37
48127,2025,13
48129,2015,5
48129,2016,17
48129,2017,7
48129,2018,17
48129,2019,24
48129,2020,28
48129,2021,6
48129,2022,46
48129,2023,43
48129,2024,41
48129,2025,8
48131,2015,15
48131,2016,17
48131,2017,22
48131,2018,3
48131,2019,46
48131,2020,16
48131,2022,44
48131,2023,82
48131,2024,33
48131,2025,47
48133,2015,27
48133,2016,35
48133,2017,10
48133,2018,45
48133,2019,27
48133,2020,29
48133,2021,7
48133,2022,63
48133,2023,71
48133,2024,40
48133,2025,6
48135,2015,12
48135,2016,25
48135,2017,12
48135,2018,25
48135,2019,32
48135,2020,33
48135,2021,7
48135,2022,52
48135,2023,65
48135,2024,42
48135,2025,11
48137,2015,11
48137,2016,15
48137,2017,15
48137,2018,13
48137,2019,5
48137,2020,15
48137,2022,15
48137,2023,57
48137,2024,30
48137,2025,1
48139,2015,11
48139,2016,13
48139,2017,2
48139,2018,29
48139,2019,20
48139,2020,14
48139,2022,57
48139,2023,48
48139,2024,21
48139,2025,1
48141,2017,13
48141,2018,29
48141,2019,36
48141,2020,41
48141,2021,11
48141,2022,17
48141,2023,50
48141,2024,42
48141,2025,24
48143,2015,18
48143,2016,19
48143,2017,5
48143,2018,49
48143,2019,16
48143,2020,25
48143,2022,62
48143,2023,70
48143,2024,26
48145,2015,18
48145,2016,27
48145,2017,7
48145,2018,32
48145,2019,18
48145,2020,21
48145,2022,57
48145,2023,69
48145,2024,25
48145,2025,1
48147,2015,26
48147,2016,29
48147,2017,1
48147,2018,20
48147,2019,17
48147,2020,8
48147,2021,7
48147,2022,45
48147,2023,35
48147,2024,47
48147,2025,12
48149,2015,19
48149,2016,24
48149,2017,21
48149,2018,15
48149,2019,30
48149,2020,36
48149,2021,2
48149,2022,57
48149,2023,78
48149,2024,12
48149,2025,1
48151,2015,23
48151,2016,33
48151,2017,14
48151,2018,42
48151,2019,22
48151,2020,33
48151,2022,38
48151,2023,51
48151,2024,31
48151,2025,1
48153,2015,3
48153,2016,22
48153,2017,5
48153,2018,14
48153,2019,23
48153,2020,26
48153,2021,6
48153,2022,44
48153,2023,38
48153,2024,32
48153,2025,9
48155,2015,12
48155,2016,20
48155,2017,8
48155,2018,21
48155,2019,22
48155,2020,28
48155,2021,3
48155,2022,53
48155,2023,53
48155,2024,35
48155,2025,6
48157,2015,20
48157,2016,14
48157,2017,12
48157,2018,24
48157,2019,13
48157,2020,32
48157,2021,15
48157,2022,47
48157,2023,85
48157,2024,42
48157,2025,12
48159,2015,27
48159,2016,30
48159,2017,6
48159,2018,34
48159,2019,14
48159,2020,10
48159,2021,7
48159,2022,43
48159,2023,42
48159,2024,10
48159,2025,6
48161,2015,16
48161,2016,22
48161,2017,5
48161,2018,27
48161,2019,16
48161,2020,17
48161,2022,51
48161,2023,60
48161,2024,19
48161,2025,1
48163,2015,31
48163,2016,26
48163,2017,28
48163,2018,32
48163,2019,22
48163,2020,20
48163,2021,2
48163,2022,40
48163,2023,74
48163,2024,36
48165,2015,21
48165,2016,25
48165,2017,5
48165,2018,37
48165,2019,26
48165,2020,42
48165,2021,11
48165,2022,53
48165,2023,63
48165,2024,48
48165,2025,17
48167,2015,36
48167,2016,36
48167,2017,17
48167,2018,24
48167,2019,51
48167,2020,52
48167,2021,29
48167,2022,54
48167,2023,74
48167,2024,35
48167,2025,18
48169,2015,18
48169,2016,36
48169,2017,11
48169,2018,36
48169,2019,34
48169,2020,33
48169,2021,14
48169,2022,56
48169,2023,58
48169,2024,47
48169,2025,12
48171,2015,11
48171,2016,18
48171,2017,4
48171,2018,31
48171,2019,17
48171,2020,23
48171,2022,49
48171,2023,73
48171,2024,17
48171,2025,1
48173,2015,18
48173,2016,34
48173,2017,6
48173,2018,40
48173,2019,29
48173,2020,31
48173,2021,5
48173,2022,54
48173,2023,68
48173,2024,41
48173,2025,8
48175,2015,4
48175,2016,5
48175,2017,2
48175,2019,1
48175,2020,9
48175,2022,7
48175,2023,75
48175,2024,1
48175,2025,2
48177,2015,10
48177,2016,22
48177,2017,22
48177,2018,42
48177,2019,40
48177,2020,34
48177,2022,64
48177,2023,85
48177,2024,27
48177,2025,28
48179,2015,11
48179,2016,18
48179,2017,6
48179,2018,12
48179,2019,23
48179,2020,26
48179,2021,8
48179,2022,36
48179,2023,25
48179,2024,40
48179,2025,7
48181,2015,23
48181,2016,25
48181,2017,5
48181,2018,21
48181,2019,18
48181,2020,13
48181,2021,5
48181,2022,46
48181,2023,46
48181,2024,25
48181,2025,7
48183,2015,24
48183,2016,29
48183,2017,8
48183,2018,42
48183,2019,25
48183,2020,11
48183,2021,1
48183,2022,50
48183,2023,50
48183,2024,14
48183,2025,8
48185,2015,17
48185,2016,30
48185,2017,20
48185,2018,26
48185,2019,21
48185,2020,26
48185,2021,5
48185,2022,65
48185,2023,78
48185,2024,26
48185,2025,2
48187,2015,34
48187,2016,24
48187,2017,26
48187,2018,48
48187,2019,43
48187,2020,46
48187,2022,61
48187,2023,89
48187,2024,34
48187,2025,7
48189,2015,11
48189,2016,35
48189,2017,13
48189,2018,17
48189,2019,25
48189,2020,33
48189,2021,10
48189,2022,50
48189,2023,39
48189,2024,37
48189,2025,7
48191,2015,10
48191,2016,15
48191,2017,11
48191,2018,16
48191,2019,20
48191,2020,27
48191,2021,8
48191,2022,45
48191,2023,35
48191,2024,38
48191,2025,8
48193,2015,25
48193,2016,22
48193,2017,8
48193,2018,34
48193,2019,17
48193,2020,23
48193,2022,62
48193,2023,78
48193,2024,33
48195,2015,10
48195,2016,14
48195,2017,11
48195,2018,7
48195,2019,18
48195,2020,19
48195,2021,15
48195,2022,33
48195,2023,23
48195,2024,29
48195,2025,13
48197,2015,3
48197,2016,8
48197,2018,8
48197,2019,13
48197,2020,19
48197,2022,41
48197,2023,43
48197,2024,30
48197,2025,3
48199,2015,20
48199,2016,22
48199,2017,3
48199,2018,8
48199,2019,7
48199,2020,17
48199,2021,17
48199,2022,42
48199,2023,80
48199,2024,36
48199,2025,8
48201,2015,29
48201,2016,39
48201,2017,28
48201,2018,25
48201,2019,30
48201,2020,34
48201,2021,26
48201,2022,61
48201,2023,87
48201,2024,38
48201,2025,12
48203,2015,20
48203,2016,15
48203,2017,3
48203,2018,24
48203,2019,11
48203,2020,5
48203,2021,2
48203,2022,38
48203,2023,38
48203,2024,10
48203,2025,9
48205,2015,16
48205,2016,27
48205,2017,19
48205,2018,12
48205,2019,32
48205,2020,38
48205,2021,11
48205,2022,40
48205,2023,19
48205,2024,40
48205,2025,10
48207,2015,22
48207,2016,39
48207,2017,5
48207,2018,11
48207,2019,17
48207,2020,19
48207,2022,44
48207,2023,55
48207,2024,34
48207,2025,2
48209,2015,15
48209,2016,23
48209,2017,23
48209,2018,35
48209,2019,26
48209,2020,25
48209,2022,49
48209,2023,75
48209,2024,13
48209,2025,10
48211,2015,9
48211,2016,17
48211,2017,8
48211,2018,11
48211,2019,20
48211,2020,22
48211,2021,2
48211,2022,44
48211,2023,35
48211,2024,36
48211,2025,8
48213,2015,29
48213,2016,31
48213,2017,11
48213,2018,47
48213,2019,25
48213,2020,2
48213,2022,57
48213,2023,54
48213,2024,16
48213,2025,9
48215,2015,16
48215,2016,41
48215,2017,41
48215,2018,44
48215,2019,45
48215,2020,19
48215,2022,28
48215,2023,79
48215,2024,43
48215,2025,27
48217,2015,15
48217,2016,14
48217,2017,7
48217,2018,38
48217,2019,19
48217,2020,18
48217,2022,61
48217,2023,72
48217,2024,29
48219,2015,6
48219,2016,26
48219,2017,15
48219,2018,24
48219,2019,17
48219,2020,35
48219,2021,7
48219,2022,42
48219,2023,38
48219,2024,30
48219,2025,5
48221,2015,31
48221,2016,42
48221,2017,12
48221,2018,56
48221,2019,26
48221,2020,26
48221,2021,20
48221,2022,63
48221,2023,66
48221,2024,22
48223,2015,29
48223,2016,30
48223,2017,7
48223,2018,41
48223,2019,16
48223,2020,8
48223,2021,1
48223,2022,49
48223,2023,42
48223,2024,13
48223,2025,8
48225,2015,25
48225,2016,29
48225,2017,6
48225,2018,22
48225,2019,14
48225,2020,16
48225,2022,43
48225,2023,61
48225,2024,13
48225,2025,4
48227,2015,12
48227,2016,23
48227,2017,6
48227,2018,38
48227,2019,27
48227,2020,34
48227,2021,2
48227,2022,56
48227,2023,59
48227,2024,43
48227,2025,6
48229,2015,45
48229,2016,32
48229,2017,17
48229,2018,58
48229,2019,52
48229,2020,62
48229,2021,25
48229,2022,46
48229,2023,64
48229,2024,65
48229,2025,38
48231,2015,30
48231,2016,32
48231,2017,14
48231,2018,48
48231,2019,26
48231,2020,18
48231,2022,51
48231,2023,39
48231,2024,22
48231,2025,7
48233,2015,5
48233,2016,24
48233,2017,23
48233,2018,20
48233,2019,20
48233,2020,36
48233,2021,20
48233,2022,44
48233,2023,32
48233,2024,39
48233,2025,10
48235,2015,1
48235,2016,34
48235,2017,4
48235,2018,39
48235,2019,17
48235,2020,29
48235,2021,9
48235,2022,50
48235,2023,57
48235,2024,33
48235,2025,1
48237,2015,14
48237,2016,10
48237,2017,2
48237,2018,21
48237,2019,12
48237,2020,14
48237,2022,33
48237,2023,49
48237,2024,24
48239,2015,21
48239,2016,33
48239,2017,21
48239,2018,25
48239,2019,29
48239,2020,31
48239,2022,54
48239,2023,85
48239,2024,31
48239,2025,10
48241,2015,33
48241,2016,42
48241,2017,19
48241,2018,16
48241,2019,19
48241,2020,23
48241,2021,5
48241,2022,59
48241,2023,76
48241,2024,26
48241,2025,4
48243,2015,26
48243,2016,36
48243,2017,18
48243,2018,46
48243,2019,36
48243,2020,55
48243,2021,18
48243,2022,34
48243,2023,62
48243,2024,48
48243,2025,19
48245,2015,27
48245,2016,37
48245,2017,17
48245,2018,28
48245,2019,34
48245,2020,21
48245,2021,22
48245,2022,39
48245,2023,74
48245,2024,36
48245,2025,5
48247,2015,5
48247,2016,22
48247,2017,11
48247,2018,7
48247,2019,21
48247,2020,17
48247,2022,28
48247,2023,67
48247,2024,19
48247,2025,2
48249,2015,6
48249,2016,23
48249,2017,19
48249,2018,3
48249,2019,36
48249,2020,18
48249,2022,24
48249,2023,64
48249,2024,21
48249,2025,8
48251,2015,9
48251,2016,10
48251,2017,2
48251,2018,23
48251,2019,12
48251,2020,12
48251,2022,48
48251,2023,51
48251,2024,13
48253,2015,7
48253,2016,12
48253,2017,7
48253,2018,18
48253,2019,15
48253,2020,20
48253,2021,1
48253,2022,43
48253,2023,51
48253,2024,35
48255,2015,12
48255,2016,22
48255,2017,14
48255,2018,14
48255,2019,21
48255,2020,24
48255,2022,40
48255,2023,78
48255,2024,19
48255,2025,9
48257,2015,15
48257,2016,18
48257,2017,2
48257,2018,31
48257,2019,20
48257,2020,10
48257,2022,51
48257,2023,40
48257,2024,18
48257,2025,2
48259,2015,19
48259,2016,26
48259,2017,20
48259,2018,65
48259,2019,63
48259,2020,30
48259,2021,16
48259,2022,90
48259,2023,101
48259,2024,49
48259,2025,30
48261,2015,9
48261,2016,24
48261,2017,22
48261,2018,28
48261,2019,40
48261,2020,27
48261,2021,10
48261,2022,28
48261,2023,72
48261,2024,32
48261,2025,19
48263,2015,20
48263,2016,28
48263,2017,21
48263,2018,41
48263,2019,33
48263,2020,31
48263,2021,5
48263,2022,65
48263,2023,56
48263,2024,45
48263,2025,14
48265,2015,17
48265,2016,26
48265,2017,9
48265,2018,33
48265,2019,28
48265,2020,32
48265,2022,50
48265,2023,76
48265,2024,35
48265,2025,3
48267,2015,24
48267,2016,41
48267,2017,24
48267,2018,47
48267,2019,40
48267,2020,44
48267,2022,47
48267,2023,71
48267,2024,28
48269,2015,13
48269,2016,22
48269,2017,10
48269,2018,21
48269,2019,24
48269,2020,28
48269,2021,7
48269,2022,58
48269,2023,47
48269,2024,36
48269,2025,8
48271,2016,14
48271,2017,8
48271,2018,14
48271,2019,3
48271,2020,18
48271,2022,32
48271,2023,63
48271,2024,24
48273,2015,8
48273,2016,22
48273,2017,29
48273,2018,25
48273,2019,39
48273,2020,22
48273,2021,5
48273,2022,39
48273,2023,95
48273,2024,47
48273,2025,12
48275,2015,9
48275,2016,16
48275,2017,6
48275,2018,23
48275,2019,14
48275,2020,20
48275,2021,8
48275,2022,57
48275,2023,49
48275,2024,29
48275,2025,6
48277,2015,16
48277,2016,21
48277,2017,2
48277,2018,12
48277,2019,10
48277,2020,5
48277,2021,2
48277,2022,37
48277,2023,25
48277,2024,20
48277,2025,7
48279,2015,6
48279,2016,23
48279,2017,17
48279,2018,22
48279,2019,25
48279,2020,35
48279,2021,11
48279,2022,45
48279,2023,38
48279,2024,42
48279,2025,9
48281,2015,22
48281,2016,28
48281,2017,8
48281,2018,37
48281,2019,23
48281,2020,26
48281,2022,52
48281,2023,77
48281,2024,28
48281,2025,1
48283,2015,38
48283,2016,46
48283,2017,34
48283,2018,23
48283,2019,77
48283,2020,40
48283,2021,31
48283,2022,77
48283,2023,95
48283,2024,65
48283,2025,38
48285,2015,24
48285,2016,26
48285,2017,48
48285,2018,58
48285,2019,70
48285,2020,45
48285,2021,12
48285,2022,70
48285,2023,95
48285,2024,45
48285,2025,15
48287,2015,15
48287,2016,20
48287,2017,21
48287,2018,20
48287,2019,38
48287,2020,39
48287,2022,43
48287,2023,77
48287,2024,16
48287,2025,1
48289,2015,13
48289,2016,17
48289,2017,11
48289,2018,18
48289,2019,6
48289,2020,18
48289,2022,12
48289,2023,57
48289,2024,16
48289,2025,3
48291,2015,20
48291,2016,35
48291,2017,8
48291,2018,17
48291,2019,23
48291,2020,26
48291,2021,8
48291,2022,49
48291,2023,75
48291,2024,31
48291,2025,8
48293,2015,16
48293,2016,24
48293,2017,7
48293,2018,28
48293,2019,18
48293,2020,21
48293,2022,56
48293,2023,68
48293,2024,22
48295,2015,17
48295,2016,14
48295,2017,13
48295,2018,5
48295,2019,18
48295,2020,12
48295,2021,7
48295,2022,36
48295,2023,20
48295,2024,30
48295,2025,10
48297,2015,4
48297,2016,24
48297,2017,22
48297,2018,21
48297,2019,33
48297,2020,20
48297,2022,36
48297,2023,76
48297,2024,29
48297,2025,48
48299,2015,18
48299,2016,25
48299,2017,6
48299,2018,34
48299,2019,25
48299,2020,25
48299,2022,46
48299,2023,76
48299,2024,13
48301,2015,22
48301,2016,36
48301,2017,12
48301,2018,35
48301,2019,30
48301,2020,35
48301,2021,9
48301,2022,51
48301,2023,66
48301,2024,47
48301,2025,7
48303,2015,11
48303,2016,27
48303,2017,14
48303,2018,30
48303,2019,28
48303,2020,31
48303,2021,9
48303,2022,48
48303,2023,54
48303,2024,37
48303,2025,12
48305,2015,15
48305,2016,32
48305,2017,17
48305,2018,42
48305,2019,26
48305,2020,32
48305,2021,6
48305,2022,51
48305,2023,52
48305,2024,42
48305,2025,9
48307,2015,36
48307,2016,18
48307,2017,7
48307,2018,21
48307,2019,16
48307,2020,19
48307,2022,35
48307,2023,63
48307,2024,27
48307,2025,1
48309,2015,16
48309,2016,27
48309,2017,14
48309,2018,46
48309,2019,16
48309,2020,20
48309,2021,1
48309,2022,60
48309,2023,59
48309,2024,22
48311,2015,14
48311,2016,30
48311,2017,21
48311,2018,14
48311,2019,32
48311,2020,14
48311,2022,38
48311,2023,65
48311,2024,12
48311,2025,11
48313,2015,4
48313,2016,8
48313,2017,6
48313,2018,19
48313,2019,17
48313,2020,21
48313,2022,50
48313,2023,64
48313,2024,12
48315,2015,22
48315,2016,22
48315,2017,7
48315,2018,29
48315,2019,16
48315,2020,1
48315,2021,3
48315,2022,36
48315,2023,39
48315,2024,12
48315,2025,6
48317,2015,22
48317,2016,35
48317,2017,12
48317,2018,38
48317,2019,32
48317,2020,37
48317,2021,6
48317,2022,57
48317,2023,65
48317,2024,43
48317,2025,11
48319,2015,31
48319,2016,39
48319,2017,21
48319,2018,49
48319,2019,29
48319,2020,42
48319,2021,10
48319,2022,72
48319,2023,84
48319,2024,31
48319,2025,4
48321,2015,24
48321,2016,25
48321,2017,5
48321,2018,11
48321,2019,36
48321,2020,26
48321,2021,2
48321,2022,34
48321,2023,78
48321,2024,27
48321,2025,5
48323,2016,5
48323,2017,3
48323,2018,1
48323,2020,3
48323,2022,9
48323,2023,34
48323,2024,3
48325,2015,19
48325,2016,24
48325,2017,44
48325,2018,52
48325,2019,33
48325,2020,35
48325,2021,5
48325,2022,71
48325,2023,69
48325,2024,59
48325,2025,10
48327,2015,22
48327,2016,28
48327,2017,7
48327,2018,28
48327,2019,17
48327,2020,25
48327,2022,49
48327,2023,65
48327,2024,23
48329,2015,27
48329,2016,45
48329,2017,19
48329,2018,54
48329,2019,34
48329,2020,43
48329,2021,7
48329,2022,51
48329,2023,67
48329,2024,42
48329,2025,18
48331,2015,13
48331,2016,18
48331,2017,7
48331,2018,40
48331,2019,31
48331,2020,35
48331,2021,9
48331,2022,61
48331,2023,77
48331,2024,22
48331,2025,5
48333,2015,24
48333,2016,17
48333,2017,6
48333,2018,23
48333,2019,20
48333,2020,22
48333,2022,50
48333,2023,70
48333,2024,25
48333,2025,5
48335,2015,8
48335,2016,24
48335,2017,3
48335,2018,20
48335,2019,23
48335,2020,28
48335,2022,46
48335,2023,61
48335,2024,36
48335,2025,3
48337,2015,6
48337,2016,9
48337,2017,2
48337,2018,24
48337,2019,11
48337,2020,13
48337,2022,35
48337,2023,48
48337,2024,29
48337,2025,1
48339,2015,24
48339,2016,39
48339,2017,19
48339,2018,18
48339,2019,20
48339,2020,27
48339,2021,6
48339,2022,59
48339,2023,78
48339,2024,23
48339,2025,2
48341,2015,12
48341,2016,26
48341,2017,16
48341,2018,15
48341,2019,22
48341,2020,26
48341,2021,19
48341,2022,41
48341,2023,44
48341,2024,44
48341,2025,13
48343,2015,21
48343,2016,11
48343,2017,2
48343,2018,15
48343,2019,11
48343,2021,3
48343,2022,27
48343,2023,29
48343,2024,6
48343,2025,5
48345,2015,2
48345,2016,15
48345,2017,9
48345,2018,19
48345,2019,17
48345,2020,27
48345,2021,6
48345,2022,52
48345,2023,34
48345,2024,36
48345,2025,7
48347,2015,8
48347,2016,8
48347,2017,6
48347,2018,10
48347,2019,3
48347,2020,2
48347,2022,43
48347,2023,51
48347,2024,2
48347,2025,19
48349,2015,23
48349,2016,20
48349,2017,12
48349,2018,31
48349,2019,18
48349,2020,14
48349,2022,56
48349,2023,57
48349,2024,23
48349,2025,4
48351,2015,27
48351,2016,41
48351,2017,13
48351,2018,17
48351,2019,25
48351,2020,25
48351,2021,13
48351,2022,42
48351,2023,80
48351,2024,36
48351,2025,10
48353,2015,11
48353,2016,31
48353,2017,8
48353,2018,46
48353,2019,27
48353,2020,32
48353,2021,2
48353,2022,65
48353,2023,65
48353,2024,43
48353,2025,5
48355,2016,30
48355,2017,26
48355,2018,9
48355,2019,43
48355,2020,15
48355,2021,10
48355,2022,10
48355,2023,74
48355,2024,52
48355,2025,18
48357,2015,26
48357,2016,41
48357,2017,28
48357,2018,24
48357,2019,17
48357,2020,18
48357,2021,10
48357,2022,49
48357,2023,40
48357,2024,43
48357,2025,16
48359,2015,12
48359,2016,24
48359,2017,9
48359,2018,9
48359,2019,22
48359,2020,25
48359,2021,11
48359,2022,41
48359,2023,24
48359,2024,34
48359,2025,5
48361,2015,21
48361,2016,23
48361,2017,12
48361,2018,13
48361,2019,44
48361,2020,19
48361,2021,9
48361,2022,28
48361,2023,73
48361,2024,36
48361,2025,4
48363,2015,23
48363,2016,30
48363,2017,10
48363,2018,42
48363,2019,23
48363,2020,26
48363,2021,11
48363,2022,61
48363,2023,69
48363,2024,35
48363,2025,9
48365,2015,27
48365,2016,36
48365,2017,12
48365,2018,37
48365,2019,20
48365,2020,17
48365,2021,12
48365,2022,45
48365,2023,47
48365,2024,11
48365,2025,8
48367,2015,6
48367,2016,11
48367,2017,4
48367,2018,24
48367,2019,13
48367,2020,19
48367,2022,56
48367,2023,63
48367,2024,26
48367,2025,3
48369,2015,21
48369,2016,30
48369,2017,25
48369,2018,17
48369,2019,36
48369,2020,30
48369,2021,16
48369,2022,51
48369,2023,52
48369,2024,45
48369,2025,13
48371,2015,25
48371,2016,28
48371,2017,12
48371,2018,21
48371,2019,28
48371,2020,27
48371,2021,11
48371,2022,43
48371,2023,64
48371,2024,49
48371,2025,15
48373,2015,12
48373,2016,28
48373,2017,3
48373,2018,11
48373,2019,15
48373,2020,18
48373,2022,50
48373,2023,71
48373,2024,23
48373,2025,4
48375,2015,2
48375,2016,23
48375,2017,7
48375,2018,12
48375,2019,18
48375,2020,24
48375,2021,8
48375,2022,38
48375,2023,27
48375,2024,44
48375,2025,7
48377,2016,2
48377,2017,6
48377,2018,6
48377,2019,25
48377,2020,63
48377,2021,18
48377,2022,80
48377,2023,96
48377,2024,57
48377,2025,73
48379,2015,14
48379,2016,17
48379,2017,3
48379,2018,20
48379,2019,15
48379,2020,14
48379,2022,50
48379,2023,29
48379,2024,18
48379,2025,1
48381,2015,13
48381,2016,24
48381,2017,9
48381,2018,16
48381,2019,23
48381,2020,20
48381,2021,15
48381,2022,42
48381,2023,35
48381,2024,31
48381,2025,5
48383,2015,18
48383,2016,24
48383,2017,10
48383,2018,40
48383,2019,29
48383,2020,40
48383,2021,10
48383,2022,64
48383,2023,63
48383,2024,58
48383,2025,16
48385,2016,19
48385,2017,1
48385,2018,14
48385,2019,7
48385,2020,21
48385,2021,2
48385,2022,34
48385,2023,53
48385,2024,51
48385,2025,6
48387,2015,38
48387,2016,31
48387,2017,11
48387,2018,29
48387,2019,14
48387,2020,10
48387,2021,10
48387,2022,45
48387,2023,41
48387,2024,17
48387,2025,12
48389,2015,27
48389,2016,39
48389,2017,11
48389,2018,28
48389,2019,26
48389,2020,49
48389,2021,12
48389,2022,47
48389,2023,68
48389,2024,58
48389,2025,17
48391,2015,8
48391,2016,7
48391,2017,11
48391,2019,16
48391,2020,21
48391,2021,4
48391,2022,18
48391,2023,67
48391,2024,18
48391,2025,9
48393,2015,12
48393,2016,26
48393,2017,14
48393,2018,16
48393,2019,23
48393,2020,27
48393,2021,11
48393,2022,46
48393,2023,39
48393,2024,40
48393,2025,11
48395,2015,15
48395,2016,19
48395,2017,14
48395,2018,23
48395,2019,27
48395,2020,37
48395,2021,16
48395,2022,67
48395,2023,81
48395,2024,25
48395,2025,10
48397,2015,24
48397,2016,22
48397,2017,6
48397,2018,27
48397,2019,18
48397,2020,18
48397,2021,2
48397,2022,50
48397,2023,49
48397,2024,33
48397,2025,7
48399,2015,6
48399,2016,20
48399,2017,1
48399,2018,20
48399,2019,15
48399,2020,22
48399,2021,2
48399,2022,49
48399,2023,64
48399,2024,38
48399,2025,2
48401,2015,14
48401,2016,18
48401,2017,1
48401,2018,34
48401,2019,14
48401,2020,7
48401,2021,2
48401,2022,42
48401,2023,54
48401,2024,17
48401,2025,8
48403,2015,23
48403,2016,17
48403,2017,12
48403,2018,21
48403,2019,18
48403,2020,20
48403,2021,4
48403,2022,53
48403,2023,75
48403,2024,21
48403,2025,13
48405,2015,11
48405,2016,14
48405,2017,14
48405,2018,27
48405,2019,10
48405,2020,7
48405,2021,3
48405,2022,43
48405,2023,56
48405,2024,14
48405,2025,1
48407,2015,25
48407,2016,35
48407,2017,17
48407,2018,22
48407,2019,20
48407,2020,26
48407,2021,7
48407,2022,60
48407,2023,76
48407,2024,31
48407,2025,5
48409,2015,16
48409,2016,32
48409,2017,8
48409,2018,1
48409,2019,15
48409,2020,29
48409,2021,2
48409,2022,20
48409,2023,80
48409,2024,25
48409,2025,22
48411,2015,28
48411,2016,20
48411,2017,8
48411,2018,35
48411,2019,24
48411,2020,23
48411,2022,49
48411,2023,71
48411,2024,26
48413,2015,23
48413,2016,19
48413,2017,5
48413,2018,28
48413,2019,16
48413,2020,20
48413,2022,38
48413,2023,68
48413,2024,37
48415,2015,15
48415,2016,21
48415,2017,10
48415,2018,32
48415,2019,36
48415,2020,33
48415,2021,4
48415,2022,62
48415,2023,63
48415,2024,50
48415,2025,12
48417,2015,6
48417,2016,9
48417,2017,5
48417,2018,15
48417,2019,9
48417,2020,21
48417,2021,4
48417,2022,48
48417,2023,65
48417,2024,39
48417,2025,2
48419,2015,24
48419,2016,30
48419,2017,4
48419,2018,26
48419,2019,15
48419,2020,12
48419,2021,1
48419,2022,46
48419,2023,56
48419,2024,13
48419,2025,6
48421,2015,19
48421,2016,25
48421,2017,15
48421,2018,8
48421,2019,34
48421,2020,42
48421,2021,31
48421,2022,54
48421,2023,56
48421,2024,53
48421,2025,22
48423,2015,30
48423,2016,33
48423,2017,6
48423,2018,41
48423,2019,24
48423,2020,18
48423,2022,53
48423,2023,47
48423,2024,19
48423,2025,4
48425,2015,20
48425,2016,28
48425,2017,7
48425,2018,28
48425,2019,15
48425,2020,21
48425,2022,62
48425,2023,52
48425,2024,18
48427,2015,19
48427,2016,42
48427,2017,42
48427,2018,44
48427,2019,72
48427,2020,28
48427,2021,4
48427,2022,34
48427,2023,74
48427,2024,16
48427,2025,8
48429,2015,5
48429,2016,15
48429,2017,7
48429,2018,20
48429,2019,15
48429,2020,24
48429,2021,4
48429,2022,55
48429,2023,61
48429,2024,35
48429,2025,12
48431,2015,15
48431,2016,26
48431,2017,6
48431,2018,38
48431,2019,28
48431,2020,31
48431,2021,4
48431,2022,53
48431,2023,68
48431,2024,38
48431,2025,5
48433,2015,10
48433,2016,29
48433,2017,8
48433,2018,29
48433,2019,24
48433,2020,24
48433,2021,2
48433,2022,50
48433,2023,36
48433,2024,35
48433,2025,6
48435,2015,19
48435,2016,26
48435,2017,9
48435,2018,28
48435,2019,23
48435,2020,28
48435,2022,48
48435,2023,71
48435,2024,31
48437,2015,4
48437,2016,25
48437,2017,9
48437,2018,23
48437,2019,26
48437,2020,33
48437,2021,17
48437,2022,49
48437,2023,40
48437,2024,49
48437,2025,15
48439,2015,27
48439,2016,18
48439,2017,6
48439,2018,24
48439,2019,15
48439,2020,16
48439,2021,5
48439,2022,54
48439,2023,55
48439,2024,25
48439,2025,3
48441,2015,7
48441,2016,17
48441,2017,3
48441,2018,12
48441,2019,20
48441,2020,23
48441,2021,3
48441,2022,57
48441,2023,62
48441,2024,38
48441,2025,3
48443,2015,52
48443,2016,41
48443,2017,24
48443,2018,48
48443,2019,46
48443,2020,47
48443,2021,5
48443,2022,66
48443,2023,55
48443,2024,47
48443,2025,44
48445,2015,19
48445,2016,43
48445,2017,19
48445,2018,45
48445,2019,25
48445,2020,38
48445,2021,9
48445,2022,52
48445,2023,49
48445,2024,46
48445,2025,17
48447,2015,6
48447,2016,12
48447,2018,11
48447,2019,9
48447,2020,19
48447,2022,32
48447,2023,56
48447,2024,32
48447,2025,3
48449,2015,44
48449,2016,42
48449,2017,10
48449,2018,28
48449,2019,14
48449,2020,5
48449,2021,6
48449,2022,51
48449,2023,57
48449,2024,21
48449,2025,46
48451,2015,22
48451,2016,35
48451,2017,13
48451,2018,46
48451,2019,28
48451,2020,39
48451,2021,8
48451,2022,60
48451,2023,68
48451,2024,44
48451,2025,2
48453,2015,11
48453,2016,13
48453,2017,10
48453,2018,26
48453,2019,16
48453,2020,21
48453,2022,51
48453,2023,74
48453,2024,15
48455,2015,17
48455,2016,25
48455,2017,3
48455,2018,15
48455,2019,16
48455,2020,19
48455,2022,51
48455,2023,66
48455,2024,17
48455,2025,3
48457,2015,27
48457,2016,40
48457,2017,10
48457,2018,13
48457,2019,19
48457,2020,19
48457,2021,10
48457,2022,49
48457,2023,77
48457,2024,30
48457,2025,12
48459,2015,21
48459,2016,24
48459,2017,5
48459,2018,33
48459,2019,21
48459,2020,12
48459,2021,5
48459,2022,50
48459,2023,49
48459,2024,11
48459,2025,8
48461,2015,34
48461,2016,37
48461,2017,16
48461,2018,45
48461,2019,32
48461,2020,43
48461,2021,7
48461,2022,47
48461,2023,59
48461,2024,21
48461,2025,1
48463,2015,5
48463,2016,19
48463,2017,16
48463,2018,26
48463,2019,17
48463,2020,30
48463,2022,34
48463,2023,48
48463,2024,40
48463,2025,8
48465,2015,24
48465,2016,38
48465,2017,20
48465,2018,46
48465,2019,39
48465,2020,47
48465,2021,8
48465,2022,52
48465,2023,71
48465,2024,65
48465,2025,26
48467,2015,20
48467,2016,26
48467,2017,4
48467,2018,39
48467,2019,16
48467,2020,15
48467,2021,1
48467,2022,50
48467,2023,43
48467,2024,12
48467,2025,5
48469,2015,17
48469,2016,21
48469,2017,19
48469,2018,12
48469,2019,28
48469,2020,32
48469,2022,27
48469,2023,88
48469,2024,20
48469,2025,12
48471,2015,20
48471,2016,20
48471,2017,11
48471,2018,15
48471,2019,23
48471,2020,21
48471,2021,14
48471,2022,60
48471,2023,75
48471,2024,17
48471,2025,5
48473,2015,20
48473,2016,32
48473,2017,20
48473,2018,24
48473,2019,24
48473,2020,28
48473,2021,5
48473,2022,63
48473,2023,81
48473,2024,31
48473,2025,5
48475,2015,24
48475,2016,26
48475,2017,11
48475,2018,29
48475,2019,31
48475,2020,39
48475,2021,10
48475,2022,45
48475,2023,54
48475,2024,42
48475,2025,12
48477,2015,11
48477,2016,24
48477,2017,24
48477,2018,17
48477,2019,21
48477,2020,17
48477,2022,59
48477,2023,80
48477,2024,23
48477,2025,1
48479,2015,13
48479,2016,23
48479,2017,18
48479,2018,7
48479,2019,44
48479,2020,23
48479,2021,9
48479,2022,51
48479,2023,86
48479,2024,39
48479,2025,31
48481,2015,22
48481,2016,40
48481,2017,18
48481,2018,20
48481,2019,22
48481,2020,27
48481,2021,1
48481,2022,45
48481,2023,87
48481,2024,31
48481,2025,5
48483,2015,9
48483,2016,14
48483,2017,7
48483,2018,20
48483,2019,22
48483,2020,23
48483,2021,2
48483,2022,45
48483,2023,36
48483,2024,36
48483,2025,7
48485,2015,5
48485,2016,5
48485,2018,15
48485,2019,9
48485,2020,5
48485,2021,1
48485,2022,40
48485,2023,47
48485,2024,27
48487,2015,5
48487,2016,6
48487,2018,8
48487,2019,10
48487,2020,15
48487,2022,39
48487,2023,47
48487,2024,27
48487,2025,1
48489,2015,15
48489,2016,46
48489,2017,35
48489,2018,42
48489,2019,45
48489,2020,28
48489,2021,13
48489,2022,16
48489,2023,86
48489,2024,42
48489,2025,29
48491,2015,18
48491,2016,22
48491,2017,18
48491,2018,38
48491,2019,23
48491,2020,27
48491,2021,1
48491,2022,62
48491,2023,79
48491,2024,25
48491,2025,8
48493,2015,4
48493,2016,23
48493,2017,7
48493,2018,7
48493,2019,19
48493,2020,19
48493,2022,31
48493,2023,65
48493,2024,11
48495,2015,17
48495,2016,11
48495,2017,5
48495,2018,14
48495,2019,20
48495,2020,23
48495,2021,7
48495,2022,39
48495,2023,64
48495,2024,48
48497,2015,8
48497,2016,13
48497,2017,4
48497,2018,33
48497,2019,15
48497,2020,19
48497,2021,11
48497,2022,50
48497,2023,58
48497,2024,35
48497,2025,9
48499,2015,13
48499,2016,16
48499,2017,2
48499,2018,25
48499,2019,10
48499,2020,3
48499,2022,40
48499,2023,39
48499,2024,12
48499,2025,4
48501,2015,18
48501,2016,37
48501,2017,14
48501,2018,29
48501,2019,25
48501,2020,39
48501,2021,14
48501,2022,50
48501,2023,62
48501,2024,51
48501,2025,24
48503,2015,8
48503,2016,21
48503,2017,9
48503,2018,23
48503,2019,11
48503,2020,18
48503,2022,44
48503,2023,58
48503,2024,29
48503,2025,5
48505,2015,6
48505,2016,21
48505,2017,16
48505,2019,4
48505,2022,9
48505,2023,41
48505,2024,3
48507,2016,1
48507,2018,3
48507,2019,7
48507,2020,9
48507,2022,16
48507,2023,46
48507,2024,5
