logged_utc,state,run_id,definition_id,def_number,git_commit,input_fingerprint,heatwave_days_QA_pooled,heatwave_events_QA_pooled,per_county_heatwave_days_median,runtime_seconds
2026-07-29T20:50:24Z,TX,MHI_P90_2D__month,MHI_P90_2D,9,9e49806,md5:f0276ee5888539f9,110334,33139,426.0,3.4
2026-07-29T20:50:26Z,TX,MHI_P90_3D__month,MHI_P90_3D,16,9e49806,md5:f0276ee5888539f9,79886,17915,301.0,2.1
2026-07-29T20:50:32Z,TX,MHI_P90_2D__month_pm7,MHI_P90_2D,9,9e49806,md5:f0276ee5888539f9,99482,30244,384.0,2.9
2026-07-29T20:50:34Z,TX,MHI_P90_3D__month_pm7,MHI_P90_3D,16,9e49806,md5:f0276ee5888539f9,71012,16009,266.0,2.0
2026-07-29T20:51:10Z,TX,MHI_P90_2D__w05,MHI_P90_2D,9,9e49806,md5:f0276ee5888539f9,116802,35358,448.0,3.8
2026-07-29T20:51:12Z,TX,MHI_P90_3D__w05,MHI_P90_3D,16,9e49806,md5:f0276ee5888539f9,82824,18369,313.0,2.4
2026-07-29T20:51:54Z,TX,MHI_P90_2D__w15,MHI_P90_2D,9,9e49806,md5:f0276ee5888539f9,110243,33508,425.0,3.7
2026-07-29T20:51:56Z,TX,MHI_P90_3D__w15,MHI_P90_3D,16,9e49806,md5:f0276ee5888539f9,77785,17279,290.0,2.5
2026-07-29T20:52:04Z,TX,TMAX_P85_2D__month,TMAX_P85_2D,5,9e49806,md5:f0276ee5888539f9,158349,41318,605.5,4.2
2026-07-29T20:52:07Z,TX,TMAX_P85_3D__month,TMAX_P85_3D,12,9e49806,md5:f0276ee5888539f9,124531,24409,476.5,3.0
2026-07-29T20:52:11Z,TX,TMAX_P90_2D__month,TMAX_P90_2D,3,9e49806,md5:f0276ee5888539f9,106769,29755,403.5,3.2
2026-07-29T20:52:13Z,TX,TMAX_P90_3D__month,TMAX_P90_3D,10,9e49806,md5:f0276ee5888539f9,80451,16596,299.0,2.1
2026-07-29T20:52:15Z,TX,TMAX_P95_2D__month,TMAX_P95_2D,7,9e49806,md5:f0276ee5888539f9,55270,16898,207.5,2.0
2026-07-29T20:52:16Z,TX,TMAX_P95_3D__month,TMAX_P95_3D,14,9e49806,md5:f0276ee5888539f9,38426,8476,138.5,1.3
2026-07-29T20:52:24Z,TX,TMAX_P85_2D__month_pm7,TMAX_P85_2D,5,9e49806,md5:f0276ee5888539f9,148222,39146,564.5,4.0
2026-07-29T20:52:27Z,TX,TMAX_P85_3D__month_pm7,TMAX_P85_3D,12,9e49806,md5:f0276ee5888539f9,115678,22874,433.5,2.9
2026-07-29T20:52:29Z,TX,TMAX_P90_2D__month_pm7,TMAX_P90_2D,3,9e49806,md5:f0276ee5888539f9,97478,27589,370.5,2.8
2026-07-29T20:52:31Z,TX,TMAX_P90_3D__month_pm7,TMAX_P90_3D,10,9e49806,md5:f0276ee5888539f9,72426,15063,270.5,2.0
2026-07-29T20:52:33Z,TX,TMAX_P95_2D__month_pm7,TMAX_P95_2D,7,9e49806,md5:f0276ee5888539f9,48059,14880,182.0,1.8
2026-07-29T20:52:34Z,TX,TMAX_P95_3D__month_pm7,TMAX_P95_3D,14,9e49806,md5:f0276ee5888539f9,32851,7276,119.5,1.2
2026-07-29T20:53:22Z,TX,TMAX_P85_2D__w05,TMAX_P85_2D,5,9e49806,md5:f0276ee5888539f9,166682,43751,636.5,4.4
2026-07-29T20:53:25Z,TX,TMAX_P85_3D__w05,TMAX_P85_3D,12,9e49806,md5:f0276ee5888539f9,130118,25469,486.0,3.2
2026-07-29T20:53:28Z,TX,TMAX_P90_2D__w05,TMAX_P90_2D,3,9e49806,md5:f0276ee5888539f9,114603,31963,432.5,3.4
2026-07-29T20:53:31Z,TX,TMAX_P90_3D__w05,TMAX_P90_3D,10,9e49806,md5:f0276ee5888539f9,85949,17636,314.0,2.4
2026-07-29T20:53:33Z,TX,TMAX_P95_2D__w05,TMAX_P95_2D,7,9e49806,md5:f0276ee5888539f9,62917,19095,235.0,2.2
2026-07-29T20:53:35Z,TX,TMAX_P95_3D__w05,TMAX_P95_3D,14,9e49806,md5:f0276ee5888539f9,43977,9625,158.5,1.5
2026-07-29T20:54:25Z,TX,TMAX_P85_2D__w15,TMAX_P85_2D,5,9e49806,md5:f0276ee5888539f9,161004,42631,617.0,4.2
2026-07-29T20:54:28Z,TX,TMAX_P85_3D__w15,TMAX_P85_3D,12,9e49806,md5:f0276ee5888539f9,124812,24535,470.5,3.1
2026-07-29T20:54:31Z,TX,TMAX_P90_2D__w15,TMAX_P90_2D,3,9e49806,md5:f0276ee5888539f9,108359,30503,403.0,3.3
2026-07-29T20:54:34Z,TX,TMAX_P90_3D__w15,TMAX_P90_3D,10,9e49806,md5:f0276ee5888539f9,80755,16701,297.5,2.5
2026-07-29T20:54:36Z,TX,TMAX_P95_2D__w15,TMAX_P95_2D,7,9e49806,md5:f0276ee5888539f9,56576,17405,210.5,2.1
2026-07-29T20:54:37Z,TX,TMAX_P95_3D__w15,TMAX_P95_3D,14,9e49806,md5:f0276ee5888539f9,38876,8555,141.0,1.5
2026-07-29T20:54:45Z,TX,TMIN_P85_2D__month,TMIN_P85_2D,6,9e49806,md5:f0276ee5888539f9,182251,47608,709.0,4.4
2026-07-29T20:54:48Z,TX,TMIN_P85_3D__month,TMIN_P85_3D,13,9e49806,md5:f0276ee5888539f9,145237,29101,564.0,3.3
2026-07-29T20:54:52Z,TX,TMIN_P90_2D__month,TMIN_P90_2D,4,9e49806,md5:f0276ee5888539f9,122363,34419,473.0,3.3
2026-07-29T20:54:54Z,TX,TMIN_P90_3D__month,TMIN_P90_3D,11,9e49806,md5:f0276ee5888539f9,93161,19818,360.0,2.4
2026-07-29T20:54:56Z,TX,TMIN_P95_2D__month,TMIN_P95_2D,8,9e49806,md5:f0276ee5888539f9,61903,19193,234.0,2.2
2026-07-29T20:54:58Z,TX,TMIN_P95_3D__month,TMIN_P95_3D,15,9e49806,md5:f0276ee5888539f9,43309,9896,156.5,1.6
2026-07-29T20:55:06Z,TX,TMIN_P85_2D__month_pm7,TMIN_P85_2D,6,9e49806,md5:f0276ee5888539f9,174134,45727,681.0,4.5
2026-07-29T20:55:10Z,TX,TMIN_P85_3D__month_pm7,TMIN_P85_3D,13,9e49806,md5:f0276ee5888539f9,138124,27722,537.0,4.2
2026-07-29T20:55:16Z,TX,TMIN_P90_2D__month_pm7,TMIN_P90_2D,4,9e49806,md5:f0276ee5888539f9,115028,32499,444.0,6.0
2026-07-29T20:55:21Z,TX,TMIN_P90_3D__month_pm7,TMIN_P90_3D,11,9e49806,md5:f0276ee5888539f9,87272,18621,334.5,4.3
2026-07-29T20:55:25Z,TX,TMIN_P95_2D__month_pm7,TMIN_P95_2D,8,9e49806,md5:f0276ee5888539f9,56590,17579,213.5,3.8
2026-07-29T20:55:27Z,TX,TMIN_P95_3D__month_pm7,TMIN_P95_3D,15,9e49806,md5:f0276ee5888539f9,39412,8990,141.5,2.3
2026-07-29T20:56:19Z,TX,TMIN_P85_2D__w05,TMIN_P85_2D,6,9e49806,md5:f0276ee5888539f9,187198,49657,726.5,4.9
2026-07-29T20:56:23Z,TX,TMIN_P85_3D__w05,TMIN_P85_3D,13,9e49806,md5:f0276ee5888539f9,148116,30116,575.5,3.9
2026-07-29T20:56:26Z,TX,TMIN_P90_2D__w05,TMIN_P90_2D,4,9e49806,md5:f0276ee5888539f9,127906,36636,492.0,3.8
2026-07-29T20:56:29Z,TX,TMIN_P90_3D__w05,TMIN_P90_3D,11,9e49806,md5:f0276ee5888539f9,95876,20621,362.5,2.5
2026-07-29T20:56:32Z,TX,TMIN_P95_2D__w05,TMIN_P95_2D,8,9e49806,md5:f0276ee5888539f9,67525,21010,254.0,2.5
2026-07-29T20:56:33Z,TX,TMIN_P95_3D__w05,TMIN_P95_3D,15,9e49806,md5:f0276ee5888539f9,47099,10797,172.0,1.6
2026-07-29T20:57:24Z,TX,TMIN_P85_2D__w15,TMIN_P85_2D,6,9e49806,md5:f0276ee5888539f9,181444,48193,701.0,4.7
2026-07-29T20:57:28Z,TX,TMIN_P85_3D__w15,TMIN_P85_3D,13,9e49806,md5:f0276ee5888539f9,143020,28981,556.0,3.5
2026-07-29T20:57:31Z,TX,TMIN_P90_2D__w15,TMIN_P90_2D,4,9e49806,md5:f0276ee5888539f9,121777,34951,471.0,3.7
2026-07-29T20:57:34Z,TX,TMIN_P90_3D__w15,TMIN_P90_3D,11,9e49806,md5:f0276ee5888539f9,91133,19629,348.5,2.6
2026-07-29T20:57:36Z,TX,TMIN_P95_2D__w15,TMIN_P95_2D,8,9e49806,md5:f0276ee5888539f9,61496,19215,231.0,2.3
2026-07-29T20:57:38Z,TX,TMIN_P95_3D__w15,TMIN_P95_3D,15,9e49806,md5:f0276ee5888539f9,42638,9786,156.0,1.6
