county_fips,county_name,analysis_days,temp_imputed_days,pct_analysis_days_imputed,native_analysis_days,fully_imputed_county
48011,Armstrong,4018,4018,100.0,0,True
48077,Clay,4018,4018,100.0,0,True
48119,Delta,4018,4018,100.0,0,True
48173,Glasscock,4018,4018,100.0,0,True
48155,Foard,4018,4018,100.0,0,True
48247,Jim Hogg,4018,4018,100.0,0,True
48197,Hardeman,4018,4018,100.0,0,True
48211,Hemphill,4018,4018,100.0,0,True
48239,Jackson,4018,4018,100.0,0,True
48185,Grimes,4018,4018,100.0,0,True
48161,Freestone,4018,4018,100.0,0,True
48133,Eastland,4018,4018,100.0,0,True
48301,Loving,4018,4018,100.0,0,True
48255,Karnes,4018,4018,100.0,0,True
48393,Roberts,4018,4018,100.0,0,True
48407,San Jacinto,4018,4018,100.0,0,True
48473,Waller,4018,4018,100.0,0,True
48455,Trinity,4018,4018,100.0,0,True
48317,Martin,4018,4018,100.0,0,True
48335,Mitchell,4018,4018,100.0,0,True
48487,Wilbarger,4018,4018,100.0,0,True
48507,Zavala,4018,4018,100.0,0,True
48009,Archer,4018,3592,89.4,426,False
48145,Falls,4018,3565,88.7,453,False
48373,Polk,4018,3454,86.0,564,False
48063,Camp,4018,3314,82.5,704,False
48281,Lampasas,4018,3228,80.3,790,False
48505,Zapata,4018,3133,78.0,885,False
48065,Carson,4018,3107,77.3,911,False
48129,Donley,4018,3086,76.8,932,False
48431,Sterling,4018,2910,72.4,1108,False
48323,Maverick,4018,2910,72.4,1108,False
48087,Collingsworth,4018,2839,70.7,1179,False
48047,Brooks,4018,2819,70.2,1199,False
48293,Limestone,4018,2783,69.3,1235,False
48435,Sutton,4018,2719,67.7,1299,False
48483,Wheeler,4018,2707,67.4,1311,False
48115,Dawson,4018,2618,65.2,1400,False
48111,Dallam,4018,2506,62.4,1512,False
48493,Wilson,4018,2481,61.7,1537,False
48193,Hamilton,4018,2449,61.0,1569,False
48035,Bosque,4018,2436,60.6,1582,False
48421,Sherman,4018,2368,58.9,1650,False
48151,Fisher,4018,2353,58.6,1665,False
48419,Shelby,4018,2200,54.8,1818,False
48163,Frio,4018,1962,48.8,2056,False
48271,Kinney,4018,1747,43.5,2271,False
48447,Throckmorton,4018,1648,41.0,2370,False
48341,Moore,4018,1569,39.0,2449,False
48357,Ochiltree,4018,1440,35.8,2578,False
48261,Kenedy,4018,1325,33.0,2693,False
48489,Willacy,4018,1206,30.0,2812,False
48331,Milam,4018,1071,26.7,2947,False
48397,Rockwall,4018,1006,25.0,3012,False
48015,Austin,4018,960,23.9,3058,False
48033,Borden,4018,934,23.2,3084,False
48235,Irion,4018,914,22.7,3104,False
48031,Blanco,4018,773,19.2,3245,False
48051,Burleson,4018,760,18.9,3258,False
48425,Somervell,4018,734,18.3,3284,False
48019,Bandera,4018,660,16.4,3358,False
48461,Upton,4018,560,13.9,3458,False
48137,Edwards,4018,555,13.8,3463,False
48207,Haskell,4018,475,11.8,3543,False
48275,Knox,4018,452,11.2,3566,False
48117,Deaf Smith,4018,441,11.0,3577,False
48049,Brown,4018,389,9.7,3629,False
48405,San Augustine,4018,371,9.2,3647,False
48381,Randall,4018,325,8.1,3693,False
48091,Comal,4018,313,7.8,3705,False
48503,Young,4018,294,7.3,3724,False
48315,Marion,4018,294,7.3,3724,False
48313,Madison,4018,286,7.1,3732,False
48495,Winkler,4018,268,6.7,3750,False
48409,San Patricio,4018,257,6.4,3761,False
48237,Jack,4018,255,6.3,3763,False
48241,Jasper,4018,228,5.7,3790,False
48395,Robertson,4018,212,5.3,3806,False
48353,Nolan,4018,180,4.5,3838,False
48159,Franklin,4018,175,4.4,3843,False
48389,Reeves,4018,175,4.4,3843,False
48025,Bee,4018,159,4.0,3859,False
48333,Mills,4018,162,4.0,3856,False
48093,Comanche,4018,157,3.9,3861,False
48391,Refugio,4018,146,3.6,3872,False
48307,McCulloch,4018,135,3.4,3883,False
48003,Andrews,4018,129,3.2,3889,False
48103,Crane,4018,112,2.8,3906,False
48463,Uvalde,4018,111,2.8,3907,False
48443,Terrell,4018,106,2.6,3912,False
48385,Real,4018,101,2.5,3917,False
48361,Orange,4018,102,2.5,3916,False
48449,Titus,4018,98,2.4,3920,False
48383,Reagan,4018,91,2.3,3927,False
48287,Lee,4018,90,2.2,3928,False
48377,Presidio,4018,88,2.2,3930,False
48427,Starr,4018,83,2.1,3935,False
48365,Panola,4018,72,1.8,3946,False
48289,Leon,4018,73,1.8,3945,False
48429,Stephens,4018,70,1.7,3948,False
48467,Van Zandt,4018,70,1.7,3948,False
48363,Palo Pinto,4018,65,1.6,3953,False
48127,Dimmit,4018,64,1.6,3954,False
48123,DeWitt,4018,58,1.4,3960,False
48099,Coryell,4018,57,1.4,3961,False
48199,Hardin,4018,53,1.3,3965,False
48327,Menard,4018,49,1.2,3969,False
48403,Sabine,4018,47,1.2,3971,False
48413,Schleicher,4018,43,1.1,3975,False
48347,Nacogdoches,4018,45,1.1,3973,False
48351,Newton,4018,38,0.9,3980,False
48143,Erath,4018,35,0.9,3983,False
48285,Lavaca,4018,32,0.8,3986,False
48259,Kendall,4018,34,0.8,3984,False
48131,Duval,4018,30,0.7,3988,False
48175,Goliad,4018,30,0.7,3988,False
48227,Howard,4018,27,0.7,3991,False
48209,Hays,4018,30,0.7,3988,False
48283,La Salle,4018,27,0.7,3991,False
48097,Cooke,4018,23,0.6,3995,False
48149,Fayette,4018,26,0.6,3992,False
48387,Red River,4018,26,0.6,3992,False
48257,Kaufman,4018,25,0.6,3993,False
48067,Cass,4018,23,0.6,3995,False
48221,Hood,4018,20,0.5,3998,False
48105,Crockett,4018,19,0.5,3999,False
48325,Medina,4018,21,0.5,3997,False
48379,Rains,4018,22,0.5,3996,False
48295,Lipscomb,4018,16,0.4,4002,False
48475,Ward,4018,15,0.4,4003,False
48343,Morris,4018,15,0.4,4003,False
48139,Ellis,4018,13,0.3,4005,False
48081,Coke,4018,12,0.3,4006,False
48101,Cottle,4018,11,0.3,4007,False
48071,Chambers,4018,14,0.3,4004,False
48021,Bastrop,4018,12,0.3,4006,False
48477,Washington,4018,14,0.3,4004,False
48415,Scurry,4018,11,0.3,4007,False
48135,Ector,4018,14,0.3,4004,False
48367,Parker,4018,9,0.2,4009,False
48195,Hansford,4018,7,0.2,4011,False
48157,Fort Bend,4018,8,0.2,4010,False
48165,Gaines,4018,7,0.2,4011,False
48073,Cherokee,4018,7,0.2,4011,False
48007,Aransas,4018,8,0.2,4010,False
48277,Lamar,4018,3,0.1,4015,False
48311,McMullen,4018,6,0.1,4012,False
48055,Caldwell,4018,6,0.1,4012,False
48027,Bell,4018,6,0.1,4012,False
48057,Calhoun,4018,4,0.1,4014,False
48183,Gregg,4018,4,0.1,4014,False
48147,Fannin,4018,3,0.1,4015,False
48417,Shackelford,4018,4,0.1,4014,False
48229,Hudspeth,4018,5,0.1,4013,False
48095,Concho,4018,4,0.1,4014,False
48399,Runnels,4018,5,0.1,4013,False
48411,San Saba,4018,3,0.1,4015,False
48497,Wise,4018,3,0.1,4015,False
48041,Brazos,4018,3,0.1,4015,False
48225,Houston,4018,5,0.1,4013,False
48251,Johnson,4018,3,0.1,4015,False
48043,Brewster,4018,0,0.0,4018,False
48029,Bexar,4018,0,0.0,4018,False
48069,Castro,4018,0,0.0,4018,False
48075,Childress,4018,0,0.0,4018,False
48061,Cameron,4018,0,0.0,4018,False
48089,Colorado,4018,2,0.0,4016,False
48013,Atascosa,4018,2,0.0,4016,False
48017,Bailey,4018,0,0.0,4018,False
48001,Anderson,4018,0,0.0,4018,False
48005,Angelina,4018,0,0.0,4018,False
48037,Bowie,4018,1,0.0,4017,False
48039,Brazoria,4018,0,0.0,4018,False
48023,Baylor,4018,0,0.0,4018,False
48059,Callahan,4018,0,0.0,4018,False
48053,Burnet,4018,0,0.0,4018,False
48045,Briscoe,4018,2,0.0,4016,False
48169,Garza,4018,0,0.0,4018,False
48179,Gray,4018,1,0.0,4017,False
48177,Gonzales,4018,0,0.0,4018,False
48125,Dickens,4018,0,0.0,4018,False
48141,El Paso,4018,0,0.0,4018,False
48181,Grayson,4018,0,0.0,4018,False
48085,Collin,4018,0,0.0,4018,False
48079,Cochran,4018,0,0.0,4018,False
48083,Coleman,4018,0,0.0,4018,False
48107,Crosby,4018,0,0.0,4018,False
48109,Culberson,4018,0,0.0,4018,False
48113,Dallas,4018,0,0.0,4018,False
48121,Denton,4018,0,0.0,4018,False
48249,Jim Wells,4018,0,0.0,4018,False
48245,Jefferson,4018,0,0.0,4018,False
48243,Jeff Davis,4018,0,0.0,4018,False
48233,Hutchinson,4018,0,0.0,4018,False
48231,Hunt,4018,0,0.0,4018,False
48223,Hopkins,4018,1,0.0,4017,False
48217,Hill,4018,0,0.0,4018,False
48189,Hale,4018,0,0.0,4018,False
48203,Harrison,4018,0,0.0,4018,False
48201,Harris,4018,0,0.0,4018,False
48191,Hall,4018,0,0.0,4018,False
48205,Hartley,4018,1,0.0,4017,False
48213,Henderson,4018,0,0.0,4018,False
48215,Hidalgo,4018,0,0.0,4018,False
48219,Hockley,4018,0,0.0,4018,False
48187,Guadalupe,4018,0,0.0,4018,False
48153,Floyd,4018,1,0.0,4017,False
48171,Gillespie,4018,0,0.0,4018,False
48167,Galveston,4018,0,0.0,4018,False
48279,Lamb,4018,0,0.0,4018,False
48253,Jones,4018,0,0.0,4018,False
48263,Kent,4018,0,0.0,4018,False
48265,Kerr,4018,0,0.0,4018,False
48267,Kimble,4018,0,0.0,4018,False
48297,Live Oak,4018,0,0.0,4018,False
48273,Kleberg,4018,0,0.0,4018,False
48291,Liberty,4018,2,0.0,4016,False
48269,King,4018,0,0.0,4018,False
48299,Llano,4018,0,0.0,4018,False
48303,Lubbock,4018,0,0.0,4018,False
48305,Lynn,4018,0,0.0,4018,False
48309,McLennan,4018,0,0.0,4018,False
48375,Potter,4018,0,0.0,4018,False
48371,Pecos,4018,0,0.0,4018,False
48369,Parmer,4018,0,0.0,4018,False
48359,Oldham,4018,0,0.0,4018,False
48355,Nueces,4018,0,0.0,4018,False
48349,Navarro,4018,0,0.0,4018,False
48339,Montgomery,4018,0,0.0,4018,False
48345,Motley,4018,0,0.0,4018,False
48329,Midland,4018,0,0.0,4018,False
48337,Montague,4018,1,0.0,4017,False
48319,Mason,4018,1,0.0,4017,False
48321,Matagorda,4018,0,0.0,4018,False
48423,Smith,4018,0,0.0,4018,False
48401,Rusk,4018,0,0.0,4018,False
48437,Swisher,4018,0,0.0,4018,False
48433,Stonewall,4018,0,0.0,4018,False
48441,Taylor,4018,0,0.0,4018,False
48439,Tarrant,4018,0,0.0,4018,False
48465,Val Verde,4018,0,0.0,4018,False
48445,Terry,4018,0,0.0,4018,False
48451,Tom Green,4018,0,0.0,4018,False
48453,Travis,4018,0,0.0,4018,False
48457,Tyler,4018,0,0.0,4018,False
48459,Upshur,4018,0,0.0,4018,False
48469,Victoria,4018,0,0.0,4018,False
48471,Walker,4018,0,0.0,4018,False
48479,Webb,4018,1,0.0,4017,False
48481,Wharton,4018,1,0.0,4017,False
48491,Williamson,4018,0,0.0,4018,False
48485,Wichita,4018,0,0.0,4018,False
48499,Wood,4018,2,0.0,4016,False
48501,Yoakum,4018,0,0.0,4018,False
