definition_id,metric,percentile,minimum_duration,window,month,heatwave_days,eligible_days,heatwave_days_per_1000_eligible_county_days,month_share_pct_of_all_heatwave_days,is_jun_sep
MHI_P85_2D,MHI,85,2,month,1,9742,86612,112.479,5.69,False
MHI_P85_2D,MHI,85,2,month,2,13028,78990,164.932,7.61,False
MHI_P85_2D,MHI,85,2,month,3,13984,86526,161.616,8.17,False
MHI_P85_2D,MHI,85,2,month,4,10663,83820,127.213,6.23,False
MHI_P85_2D,MHI,85,2,month,5,12694,86614,146.558,7.42,False
MHI_P85_2D,MHI,85,2,month,6,15959,83820,190.396,9.33,True
MHI_P85_2D,MHI,85,2,month,7,14865,86614,171.624,8.69,True
MHI_P85_2D,MHI,85,2,month,8,17379,86614,200.649,10.16,True
MHI_P85_2D,MHI,85,2,month,9,14397,83820,171.761,8.41,True
MHI_P85_2D,MHI,85,2,month,10,17227,86611,198.901,10.07,False
MHI_P85_2D,MHI,85,2,month,11,13843,83820,165.152,8.09,False
MHI_P85_2D,MHI,85,2,month,12,17334,86614,200.129,10.13,False
MHI_P85_2D,MHI,85,2,month_pm7,1,9350,86612,107.953,5.86,False
MHI_P85_2D,MHI,85,2,month_pm7,2,12836,78990,162.502,8.05,False
MHI_P85_2D,MHI,85,2,month_pm7,3,13376,86526,154.589,8.38,False
MHI_P85_2D,MHI,85,2,month_pm7,4,9686,83820,115.557,6.07,False
MHI_P85_2D,MHI,85,2,month_pm7,5,10972,86614,126.677,6.88,False
MHI_P85_2D,MHI,85,2,month_pm7,6,15731,83820,187.676,9.86,True
MHI_P85_2D,MHI,85,2,month_pm7,7,14761,86614,170.423,9.25,True
MHI_P85_2D,MHI,85,2,month_pm7,8,19182,86614,221.465,12.02,True
MHI_P85_2D,MHI,85,2,month_pm7,9,10984,83820,131.043,6.89,True
MHI_P85_2D,MHI,85,2,month_pm7,10,14527,86611,167.727,9.11,False
MHI_P85_2D,MHI,85,2,month_pm7,11,11927,83820,142.293,7.48,False
MHI_P85_2D,MHI,85,2,month_pm7,12,16202,86614,187.06,10.16,False
MHI_P85_2D,MHI,85,2,w05,1,9699,86612,111.982,5.47,False
MHI_P85_2D,MHI,85,2,w05,2,13940,78990,176.478,7.86,False
MHI_P85_2D,MHI,85,2,w05,3,15008,86526,173.451,8.47,False
MHI_P85_2D,MHI,85,2,w05,4,10797,83820,128.812,6.09,False
MHI_P85_2D,MHI,85,2,w05,5,13844,86614,159.836,7.81,False
MHI_P85_2D,MHI,85,2,w05,6,15750,83820,187.903,8.88,True
MHI_P85_2D,MHI,85,2,w05,7,15290,86614,176.53,8.63,True
MHI_P85_2D,MHI,85,2,w05,8,17088,86614,197.289,9.64,True
MHI_P85_2D,MHI,85,2,w05,9,16225,83820,193.57,9.15,True
MHI_P85_2D,MHI,85,2,w05,10,16920,86611,195.356,9.54,False
MHI_P85_2D,MHI,85,2,w05,11,13063,83820,155.846,7.37,False
MHI_P85_2D,MHI,85,2,w05,12,19647,86614,226.834,11.08,False
MHI_P85_2D,MHI,85,2,w15,1,9631,86612,111.197,5.64,False
MHI_P85_2D,MHI,85,2,w15,2,13696,78990,173.389,8.01,False
MHI_P85_2D,MHI,85,2,w15,3,14573,86526,168.423,8.53,False
MHI_P85_2D,MHI,85,2,w15,4,10168,83820,121.308,5.95,False
MHI_P85_2D,MHI,85,2,w15,5,12997,86614,150.057,7.61,False
MHI_P85_2D,MHI,85,2,w15,6,15512,83820,185.063,9.08,True
MHI_P85_2D,MHI,85,2,w15,7,14968,86614,172.813,8.76,True
MHI_P85_2D,MHI,85,2,w15,8,17133,86614,197.809,10.03,True
MHI_P85_2D,MHI,85,2,w15,9,15356,83820,183.202,8.99,True
MHI_P85_2D,MHI,85,2,w15,10,15974,86611,184.434,9.35,False
MHI_P85_2D,MHI,85,2,w15,11,11972,83820,142.83,7.01,False
MHI_P85_2D,MHI,85,2,w15,12,18914,86614,218.371,11.07,False
MHI_P90_2D,MHI,90,2,month,1,5897,86612,68.085,5.34,False
MHI_P90_2D,MHI,90,2,month,2,8831,78990,111.799,8.0,False
MHI_P90_2D,MHI,90,2,month,3,9141,86526,105.645,8.28,False
MHI_P90_2D,MHI,90,2,month,4,6466,83820,77.141,5.86,False
MHI_P90_2D,MHI,90,2,month,5,7867,86614,90.828,7.13,False
MHI_P90_2D,MHI,90,2,month,6,9840,83820,117.394,8.92,True
MHI_P90_2D,MHI,90,2,month,7,9456,86614,109.174,8.57,True
MHI_P90_2D,MHI,90,2,month,8,11830,86614,136.583,10.72,True
MHI_P90_2D,MHI,90,2,month,9,8970,83820,107.015,8.13,True
MHI_P90_2D,MHI,90,2,month,10,10441,86611,120.551,9.46,False
MHI_P90_2D,MHI,90,2,month,11,9389,83820,112.014,8.51,False
MHI_P90_2D,MHI,90,2,month,12,12206,86614,140.924,11.06,False
MHI_P90_2D,MHI,90,2,month_pm7,1,5486,86612,63.34,5.51,False
MHI_P90_2D,MHI,90,2,month_pm7,2,8698,78990,110.115,8.74,False
MHI_P90_2D,MHI,90,2,month_pm7,3,8509,86526,98.34,8.55,False
MHI_P90_2D,MHI,90,2,month_pm7,4,5252,83820,62.658,5.28,False
MHI_P90_2D,MHI,90,2,month_pm7,5,6230,86614,71.928,6.26,False
MHI_P90_2D,MHI,90,2,month_pm7,6,9659,83820,115.235,9.71,True
MHI_P90_2D,MHI,90,2,month_pm7,7,9335,86614,107.777,9.38,True
MHI_P90_2D,MHI,90,2,month_pm7,8,13132,86614,151.615,13.2,True
MHI_P90_2D,MHI,90,2,month_pm7,9,6337,83820,75.602,6.37,True
MHI_P90_2D,MHI,90,2,month_pm7,10,8036,86611,92.783,8.08,False
MHI_P90_2D,MHI,90,2,month_pm7,11,7679,83820,91.613,7.72,False
MHI_P90_2D,MHI,90,2,month_pm7,12,11129,86614,128.49,11.19,False
MHI_P90_2D,MHI,90,2,w05,1,6168,86612,71.214,5.28,False
MHI_P90_2D,MHI,90,2,w05,2,9684,78990,122.598,8.29,False
MHI_P90_2D,MHI,90,2,w05,3,9637,86526,111.377,8.25,False
MHI_P90_2D,MHI,90,2,w05,4,6351,83820,75.77,5.44,False
MHI_P90_2D,MHI,90,2,w05,5,9142,86614,105.549,7.83,False
MHI_P90_2D,MHI,90,2,w05,6,9779,83820,116.667,8.37,True
MHI_P90_2D,MHI,90,2,w05,7,9972,86614,115.132,8.54,True
MHI_P90_2D,MHI,90,2,w05,8,11574,86614,133.627,9.91,True
MHI_P90_2D,MHI,90,2,w05,9,10693,83820,127.571,9.15,True
MHI_P90_2D,MHI,90,2,w05,10,11095,86611,128.102,9.5,False
MHI_P90_2D,MHI,90,2,w05,11,8651,83820,103.209,7.41,False
MHI_P90_2D,MHI,90,2,w05,12,14056,86614,162.283,12.03,False
MHI_P90_2D,MHI,90,2,w15,1,6002,86612,69.298,5.44,False
MHI_P90_2D,MHI,90,2,w15,2,9620,78990,121.788,8.73,False
MHI_P90_2D,MHI,90,2,w15,3,8938,86526,103.298,8.11,False
MHI_P90_2D,MHI,90,2,w15,4,5895,83820,70.329,5.35,False
MHI_P90_2D,MHI,90,2,w15,5,8109,86614,93.622,7.36,False
MHI_P90_2D,MHI,90,2,w15,6,9448,83820,112.718,8.57,True
MHI_P90_2D,MHI,90,2,w15,7,9578,86614,110.583,8.69,True
MHI_P90_2D,MHI,90,2,w15,8,11497,86614,132.738,10.43,True
MHI_P90_2D,MHI,90,2,w15,9,10112,83820,120.639,9.17,True
MHI_P90_2D,MHI,90,2,w15,10,10169,86611,117.41,9.22,False
MHI_P90_2D,MHI,90,2,w15,11,7695,83820,91.804,6.98,False
MHI_P90_2D,MHI,90,2,w15,12,13180,86614,152.169,11.96,False
MHI_P90_3D,MHI,90,3,month,1,3441,86612,39.729,4.31,False
MHI_P90_3D,MHI,90,3,month,2,5445,78990,68.933,6.82,False
MHI_P90_3D,MHI,90,3,month,3,6093,86526,70.418,7.63,False
MHI_P90_3D,MHI,90,3,month,4,3350,83820,39.967,4.19,False
MHI_P90_3D,MHI,90,3,month,5,5982,86614,69.065,7.49,False
MHI_P90_3D,MHI,90,3,month,6,7290,83820,86.972,9.13,True
MHI_P90_3D,MHI,90,3,month,7,7035,86614,81.222,8.81,True
MHI_P90_3D,MHI,90,3,month,8,9120,86614,105.295,11.42,True
MHI_P90_3D,MHI,90,3,month,9,6987,83820,83.357,8.75,True
MHI_P90_3D,MHI,90,3,month,10,7931,86611,91.57,9.93,False
MHI_P90_3D,MHI,90,3,month,11,7069,83820,84.335,8.85,False
MHI_P90_3D,MHI,90,3,month,12,10143,86614,117.106,12.7,False
MHI_P90_3D,MHI,90,3,month_pm7,1,3110,86612,35.907,4.38,False
MHI_P90_3D,MHI,90,3,month_pm7,2,5296,78990,67.046,7.46,False
MHI_P90_3D,MHI,90,3,month_pm7,3,5601,86526,64.732,7.89,False
MHI_P90_3D,MHI,90,3,month_pm7,4,2447,83820,29.194,3.45,False
MHI_P90_3D,MHI,90,3,month_pm7,5,4529,86614,52.289,6.38,False
MHI_P90_3D,MHI,90,3,month_pm7,6,7197,83820,85.863,10.13,True
MHI_P90_3D,MHI,90,3,month_pm7,7,6929,86614,79.999,9.76,True
MHI_P90_3D,MHI,90,3,month_pm7,8,10309,86614,119.022,14.52,True
MHI_P90_3D,MHI,90,3,month_pm7,9,4692,83820,55.977,6.61,True
MHI_P90_3D,MHI,90,3,month_pm7,10,5880,86611,67.89,8.28,False
MHI_P90_3D,MHI,90,3,month_pm7,11,5772,83820,68.862,8.13,False
MHI_P90_3D,MHI,90,3,month_pm7,12,9250,86614,106.796,13.03,False
MHI_P90_3D,MHI,90,3,w05,1,3671,86612,42.384,4.43,False
MHI_P90_3D,MHI,90,3,w05,2,6437,78990,81.491,7.77,False
MHI_P90_3D,MHI,90,3,w05,3,5732,86526,66.246,6.92,False
MHI_P90_3D,MHI,90,3,w05,4,3170,83820,37.819,3.83,False
MHI_P90_3D,MHI,90,3,w05,5,6752,86614,77.955,8.15,False
MHI_P90_3D,MHI,90,3,w05,6,6994,83820,83.441,8.44,True
MHI_P90_3D,MHI,90,3,w05,7,7511,86614,86.718,9.07,True
MHI_P90_3D,MHI,90,3,w05,8,8722,86614,100.7,10.53,True
MHI_P90_3D,MHI,90,3,w05,9,8382,83820,100.0,10.12,True
MHI_P90_3D,MHI,90,3,w05,10,8094,86611,93.452,9.77,False
MHI_P90_3D,MHI,90,3,w05,11,5807,83820,69.279,7.01,False
MHI_P90_3D,MHI,90,3,w05,12,11552,86614,133.373,13.95,False
MHI_P90_3D,MHI,90,3,w15,1,3558,86612,41.08,4.57,False
MHI_P90_3D,MHI,90,3,w15,2,6325,78990,80.073,8.13,False
MHI_P90_3D,MHI,90,3,w15,3,5272,86526,60.93,6.78,False
MHI_P90_3D,MHI,90,3,w15,4,2925,83820,34.896,3.76,False
MHI_P90_3D,MHI,90,3,w15,5,5930,86614,68.465,7.62,False
MHI_P90_3D,MHI,90,3,w15,6,6728,83820,80.267,8.65,True
MHI_P90_3D,MHI,90,3,w15,7,7218,86614,83.335,9.28,True
MHI_P90_3D,MHI,90,3,w15,8,8601,86614,99.303,11.06,True
MHI_P90_3D,MHI,90,3,w15,9,7951,83820,94.858,10.22,True
MHI_P90_3D,MHI,90,3,w15,10,7419,86611,85.659,9.54,False
MHI_P90_3D,MHI,90,3,w15,11,5122,83820,61.107,6.58,False
MHI_P90_3D,MHI,90,3,w15,12,10736,86614,123.952,13.8,False
MHI_P95_2D,MHI,95,2,month,1,2603,86612,30.054,4.89,False
MHI_P95_2D,MHI,95,2,month,2,4855,78990,61.463,9.11,False
MHI_P95_2D,MHI,95,2,month,3,4301,86526,49.708,8.07,False
MHI_P95_2D,MHI,95,2,month,4,2344,83820,27.965,4.4,False
MHI_P95_2D,MHI,95,2,month,5,3486,86614,40.248,6.54,False
MHI_P95_2D,MHI,95,2,month,6,4568,83820,54.498,8.57,True
MHI_P95_2D,MHI,95,2,month,7,4366,86614,50.408,8.2,True
MHI_P95_2D,MHI,95,2,month,8,5787,86614,66.814,10.86,True
MHI_P95_2D,MHI,95,2,month,9,4025,83820,48.02,7.56,True
MHI_P95_2D,MHI,95,2,month,10,4372,86611,50.479,8.21,False
MHI_P95_2D,MHI,95,2,month,11,5085,83820,60.666,9.55,False
MHI_P95_2D,MHI,95,2,month,12,7481,86614,86.372,14.04,False
MHI_P95_2D,MHI,95,2,month_pm7,1,2280,86612,26.324,5.05,False
MHI_P95_2D,MHI,95,2,month_pm7,2,4710,78990,59.628,10.44,False
MHI_P95_2D,MHI,95,2,month_pm7,3,3613,86526,41.756,8.01,False
MHI_P95_2D,MHI,95,2,month_pm7,4,1396,83820,16.655,3.09,False
MHI_P95_2D,MHI,95,2,month_pm7,5,2268,86614,26.185,5.03,False
MHI_P95_2D,MHI,95,2,month_pm7,6,4338,83820,51.754,9.62,True
MHI_P95_2D,MHI,95,2,month_pm7,7,4242,86614,48.976,9.4,True
MHI_P95_2D,MHI,95,2,month_pm7,8,6515,86614,75.219,14.44,True
MHI_P95_2D,MHI,95,2,month_pm7,9,2516,83820,30.017,5.58,True
MHI_P95_2D,MHI,95,2,month_pm7,10,2780,86611,32.098,6.16,False
MHI_P95_2D,MHI,95,2,month_pm7,11,3831,83820,45.705,8.49,False
MHI_P95_2D,MHI,95,2,month_pm7,12,6618,86614,76.408,14.67,False
MHI_P95_2D,MHI,95,2,w05,1,2872,86612,33.159,4.88,False
MHI_P95_2D,MHI,95,2,w05,2,5687,78990,71.996,9.66,False
MHI_P95_2D,MHI,95,2,w05,3,4458,86526,51.522,7.57,False
MHI_P95_2D,MHI,95,2,w05,4,2513,83820,29.981,4.27,False
MHI_P95_2D,MHI,95,2,w05,5,4261,86614,49.195,7.24,False
MHI_P95_2D,MHI,95,2,w05,6,4503,83820,53.722,7.65,True
MHI_P95_2D,MHI,95,2,w05,7,4977,86614,57.462,8.45,True
MHI_P95_2D,MHI,95,2,w05,8,5892,86614,68.026,10.01,True
MHI_P95_2D,MHI,95,2,w05,9,5351,83820,63.839,9.09,True
MHI_P95_2D,MHI,95,2,w05,10,5320,86611,61.424,9.03,False
MHI_P95_2D,MHI,95,2,w05,11,4722,83820,56.335,8.02,False
MHI_P95_2D,MHI,95,2,w05,12,8334,86614,96.22,14.15,False
MHI_P95_2D,MHI,95,2,w15,1,2698,86612,31.15,5.11,False
MHI_P95_2D,MHI,95,2,w15,2,5549,78990,70.249,10.51,False
MHI_P95_2D,MHI,95,2,w15,3,3740,86526,43.224,7.09,False
MHI_P95_2D,MHI,95,2,w15,4,2206,83820,26.318,4.18,False
MHI_P95_2D,MHI,95,2,w15,5,3503,86614,40.444,6.64,False
MHI_P95_2D,MHI,95,2,w15,6,4100,83820,48.914,7.77,True
MHI_P95_2D,MHI,95,2,w15,7,4593,86614,53.028,8.7,True
MHI_P95_2D,MHI,95,2,w15,8,5649,86614,65.22,10.7,True
MHI_P95_2D,MHI,95,2,w15,9,4793,83820,57.182,9.08,True
MHI_P95_2D,MHI,95,2,w15,10,4398,86611,50.779,8.33,False
MHI_P95_2D,MHI,95,2,w15,11,3933,83820,46.922,7.45,False
MHI_P95_2D,MHI,95,2,w15,12,7624,86614,88.023,14.44,False
TMAX_P85_2D,TMAX,85,2,month,1,8863,86614,102.328,5.6,False
TMAX_P85_2D,TMAX,85,2,month,2,12834,78994,162.468,8.1,False
TMAX_P85_2D,TMAX,85,2,month,3,12922,86614,149.191,8.16,False
TMAX_P85_2D,TMAX,85,2,month,4,7243,83820,86.411,4.57,False
TMAX_P85_2D,TMAX,85,2,month,5,12411,86614,143.291,7.84,False
TMAX_P85_2D,TMAX,85,2,month,6,12982,83820,154.88,8.2,True
TMAX_P85_2D,TMAX,85,2,month,7,15162,86614,175.053,9.58,True
TMAX_P85_2D,TMAX,85,2,month,8,17032,86614,196.643,10.76,True
TMAX_P85_2D,TMAX,85,2,month,9,12471,83820,148.783,7.88,True
TMAX_P85_2D,TMAX,85,2,month,10,17716,86614,204.54,11.19,False
TMAX_P85_2D,TMAX,85,2,month,11,12451,83820,148.545,7.86,False
TMAX_P85_2D,TMAX,85,2,month,12,16262,86614,187.753,10.27,False
TMAX_P85_2D,TMAX,85,2,month_pm7,1,8786,86614,101.439,5.93,False
TMAX_P85_2D,TMAX,85,2,month_pm7,2,12706,78994,160.848,8.57,False
TMAX_P85_2D,TMAX,85,2,month_pm7,3,11886,86614,137.23,8.02,False
TMAX_P85_2D,TMAX,85,2,month_pm7,4,6893,83820,82.236,4.65,False
TMAX_P85_2D,TMAX,85,2,month_pm7,5,11378,86614,131.364,7.68,False
TMAX_P85_2D,TMAX,85,2,month_pm7,6,13261,83820,158.208,8.95,True
TMAX_P85_2D,TMAX,85,2,month_pm7,7,14624,86614,168.841,9.87,True
TMAX_P85_2D,TMAX,85,2,month_pm7,8,17577,86614,202.935,11.86,True
TMAX_P85_2D,TMAX,85,2,month_pm7,9,9908,83820,118.206,6.68,True
TMAX_P85_2D,TMAX,85,2,month_pm7,10,15167,86614,175.11,10.23,False
TMAX_P85_2D,TMAX,85,2,month_pm7,11,11080,83820,132.188,7.48,False
TMAX_P85_2D,TMAX,85,2,month_pm7,12,14956,86614,172.674,10.09,False
TMAX_P85_2D,TMAX,85,2,w05,1,9333,86614,107.754,5.6,False
TMAX_P85_2D,TMAX,85,2,w05,2,13614,78994,172.342,8.17,False
TMAX_P85_2D,TMAX,85,2,w05,3,13651,86614,157.607,8.19,False
TMAX_P85_2D,TMAX,85,2,w05,4,8112,83820,96.779,4.87,False
TMAX_P85_2D,TMAX,85,2,w05,5,13188,86614,152.262,7.91,False
TMAX_P85_2D,TMAX,85,2,w05,6,13141,83820,156.776,7.88,True
TMAX_P85_2D,TMAX,85,2,w05,7,15570,86614,179.763,9.34,True
TMAX_P85_2D,TMAX,85,2,w05,8,16815,86614,194.137,10.09,True
TMAX_P85_2D,TMAX,85,2,w05,9,15195,83820,181.281,9.12,True
TMAX_P85_2D,TMAX,85,2,w05,10,18740,86614,216.362,11.24,False
TMAX_P85_2D,TMAX,85,2,w05,11,12006,83820,143.236,7.2,False
TMAX_P85_2D,TMAX,85,2,w05,12,17317,86614,199.933,10.39,False
TMAX_P85_2D,TMAX,85,2,w15,1,9191,86614,106.114,5.71,False
TMAX_P85_2D,TMAX,85,2,w15,2,13260,78994,167.861,8.24,False
TMAX_P85_2D,TMAX,85,2,w15,3,12922,86614,149.191,8.03,False
TMAX_P85_2D,TMAX,85,2,w15,4,7808,83820,93.152,4.85,False
TMAX_P85_2D,TMAX,85,2,w15,5,12573,86614,145.161,7.81,False
TMAX_P85_2D,TMAX,85,2,w15,6,13093,83820,156.204,8.13,True
TMAX_P85_2D,TMAX,85,2,w15,7,15073,86614,174.025,9.36,True
TMAX_P85_2D,TMAX,85,2,w15,8,16720,86614,193.04,10.38,True
TMAX_P85_2D,TMAX,85,2,w15,9,14775,83820,176.271,9.18,True
TMAX_P85_2D,TMAX,85,2,w15,10,17424,86614,201.168,10.82,False
TMAX_P85_2D,TMAX,85,2,w15,11,11385,83820,135.827,7.07,False
TMAX_P85_2D,TMAX,85,2,w15,12,16780,86614,193.733,10.42,False
TMAX_P85_3D,TMAX,85,3,month,1,5342,86614,61.676,4.29,False
TMAX_P85_3D,TMAX,85,3,month,2,8803,78994,111.439,7.07,False
TMAX_P85_3D,TMAX,85,3,month,3,9360,86614,108.066,7.52,False
TMAX_P85_3D,TMAX,85,3,month,4,3260,83820,38.893,2.62,False
TMAX_P85_3D,TMAX,85,3,month,5,10818,86614,124.899,8.69,False
TMAX_P85_3D,TMAX,85,3,month,6,10977,83820,130.959,8.81,True
TMAX_P85_3D,TMAX,85,3,month,7,13571,86614,156.684,10.9,True
TMAX_P85_3D,TMAX,85,3,month,8,15226,86614,175.791,12.23,True
TMAX_P85_3D,TMAX,85,3,month,9,10165,83820,121.272,8.16,True
TMAX_P85_3D,TMAX,85,3,month,10,14145,86614,163.311,11.36,False
TMAX_P85_3D,TMAX,85,3,month,11,9607,83820,114.615,7.71,False
TMAX_P85_3D,TMAX,85,3,month,12,13257,86614,153.058,10.65,False
TMAX_P85_3D,TMAX,85,3,month_pm7,1,5270,86614,60.845,4.56,False
TMAX_P85_3D,TMAX,85,3,month_pm7,2,8655,78994,109.565,7.48,False
TMAX_P85_3D,TMAX,85,3,month_pm7,3,8524,86614,98.414,7.37,False
TMAX_P85_3D,TMAX,85,3,month_pm7,4,3007,83820,35.874,2.6,False
TMAX_P85_3D,TMAX,85,3,month_pm7,5,9925,86614,114.589,8.58,False
TMAX_P85_3D,TMAX,85,3,month_pm7,6,11265,83820,134.395,9.74,True
TMAX_P85_3D,TMAX,85,3,month_pm7,7,13053,86614,150.703,11.28,True
TMAX_P85_3D,TMAX,85,3,month_pm7,8,15723,86614,181.53,13.59,True
TMAX_P85_3D,TMAX,85,3,month_pm7,9,7909,83820,94.357,6.84,True
TMAX_P85_3D,TMAX,85,3,month_pm7,10,11799,86614,136.225,10.2,False
TMAX_P85_3D,TMAX,85,3,month_pm7,11,8416,83820,100.406,7.28,False
TMAX_P85_3D,TMAX,85,3,month_pm7,12,12132,86614,140.07,10.49,False
TMAX_P85_3D,TMAX,85,3,w05,1,5832,86614,67.333,4.48,False
TMAX_P85_3D,TMAX,85,3,w05,2,9486,78994,120.085,7.29,False
TMAX_P85_3D,TMAX,85,3,w05,3,9614,86614,110.998,7.39,False
TMAX_P85_3D,TMAX,85,3,w05,4,3886,83820,46.361,2.99,False
TMAX_P85_3D,TMAX,85,3,w05,5,11008,86614,127.093,8.46,False
TMAX_P85_3D,TMAX,85,3,w05,6,11096,83820,132.379,8.53,True
TMAX_P85_3D,TMAX,85,3,w05,7,13840,86614,159.789,10.64,True
TMAX_P85_3D,TMAX,85,3,w05,8,14838,86614,171.312,11.4,True
TMAX_P85_3D,TMAX,85,3,w05,9,12860,83820,153.424,9.88,True
TMAX_P85_3D,TMAX,85,3,w05,10,15077,86614,174.071,11.59,False
TMAX_P85_3D,TMAX,85,3,w05,11,8490,83820,101.288,6.52,False
TMAX_P85_3D,TMAX,85,3,w05,12,14091,86614,162.687,10.83,False
TMAX_P85_3D,TMAX,85,3,w15,1,5671,86614,65.474,4.54,False
TMAX_P85_3D,TMAX,85,3,w15,2,9183,78994,116.249,7.36,False
TMAX_P85_3D,TMAX,85,3,w15,3,8972,86614,103.586,7.19,False
TMAX_P85_3D,TMAX,85,3,w15,4,3637,83820,43.391,2.91,False
TMAX_P85_3D,TMAX,85,3,w15,5,10531,86614,121.585,8.44,False
TMAX_P85_3D,TMAX,85,3,w15,6,11055,83820,131.89,8.86,True
TMAX_P85_3D,TMAX,85,3,w15,7,13353,86614,154.167,10.7,True
TMAX_P85_3D,TMAX,85,3,w15,8,14790,86614,170.758,11.85,True
TMAX_P85_3D,TMAX,85,3,w15,9,12472,83820,148.795,9.99,True
TMAX_P85_3D,TMAX,85,3,w15,10,13910,86614,160.598,11.14,False
TMAX_P85_3D,TMAX,85,3,w15,11,7778,83820,92.794,6.23,False
TMAX_P85_3D,TMAX,85,3,w15,12,13460,86614,155.402,10.78,False
TMAX_P90_2D,TMAX,90,2,month,1,5588,86614,64.516,5.23,False
TMAX_P90_2D,TMAX,90,2,month,2,8635,78994,109.312,8.09,False
TMAX_P90_2D,TMAX,90,2,month,3,8573,86614,98.979,8.03,False
TMAX_P90_2D,TMAX,90,2,month,4,3873,83820,46.206,3.63,False
TMAX_P90_2D,TMAX,90,2,month,5,8785,86614,101.427,8.23,False
TMAX_P90_2D,TMAX,90,2,month,6,8310,83820,99.141,7.78,True
TMAX_P90_2D,TMAX,90,2,month,7,10671,86614,123.202,9.99,True
TMAX_P90_2D,TMAX,90,2,month,8,12752,86614,147.228,11.94,True
TMAX_P90_2D,TMAX,90,2,month,9,7541,83820,89.967,7.06,True
TMAX_P90_2D,TMAX,90,2,month,10,11686,86614,134.92,10.95,False
TMAX_P90_2D,TMAX,90,2,month,11,8667,83820,103.4,8.12,False
TMAX_P90_2D,TMAX,90,2,month,12,11688,86614,134.944,10.95,False
TMAX_P90_2D,TMAX,90,2,month_pm7,1,5450,86614,62.923,5.59,False
TMAX_P90_2D,TMAX,90,2,month_pm7,2,8565,78994,108.426,8.79,False
TMAX_P90_2D,TMAX,90,2,month_pm7,3,7585,86614,87.572,7.78,False
TMAX_P90_2D,TMAX,90,2,month_pm7,4,3478,83820,41.494,3.57,False
TMAX_P90_2D,TMAX,90,2,month_pm7,5,7674,86614,88.6,7.87,False
TMAX_P90_2D,TMAX,90,2,month_pm7,6,8529,83820,101.754,8.75,True
TMAX_P90_2D,TMAX,90,2,month_pm7,7,10200,86614,117.764,10.46,True
TMAX_P90_2D,TMAX,90,2,month_pm7,8,13073,86614,150.934,13.41,True
TMAX_P90_2D,TMAX,90,2,month_pm7,9,5762,83820,68.743,5.91,True
TMAX_P90_2D,TMAX,90,2,month_pm7,10,9201,86614,106.23,9.44,False
TMAX_P90_2D,TMAX,90,2,month_pm7,11,7444,83820,88.809,7.64,False
TMAX_P90_2D,TMAX,90,2,month_pm7,12,10517,86614,121.424,10.79,False
TMAX_P90_2D,TMAX,90,2,w05,1,5929,86614,68.453,5.17,False
TMAX_P90_2D,TMAX,90,2,w05,2,9410,78994,119.123,8.21,False
TMAX_P90_2D,TMAX,90,2,w05,3,8939,86614,103.205,7.8,False
TMAX_P90_2D,TMAX,90,2,w05,4,4733,83820,56.466,4.13,False
TMAX_P90_2D,TMAX,90,2,w05,5,9187,86614,106.068,8.02,False
TMAX_P90_2D,TMAX,90,2,w05,6,8702,83820,103.818,7.59,True
TMAX_P90_2D,TMAX,90,2,w05,7,11029,86614,127.335,9.62,True
TMAX_P90_2D,TMAX,90,2,w05,8,12555,86614,144.953,10.96,True
TMAX_P90_2D,TMAX,90,2,w05,9,9897,83820,118.074,8.64,True
TMAX_P90_2D,TMAX,90,2,w05,10,13310,86614,153.67,11.61,False
TMAX_P90_2D,TMAX,90,2,w05,11,8394,83820,100.143,7.32,False
TMAX_P90_2D,TMAX,90,2,w05,12,12518,86614,144.526,10.92,False
TMAX_P90_2D,TMAX,90,2,w15,1,5711,86614,65.936,5.27,False
TMAX_P90_2D,TMAX,90,2,w15,2,9203,78994,116.503,8.49,False
TMAX_P90_2D,TMAX,90,2,w15,3,8143,86614,94.015,7.51,False
TMAX_P90_2D,TMAX,90,2,w15,4,4395,83820,52.434,4.06,False
TMAX_P90_2D,TMAX,90,2,w15,5,8610,86614,99.407,7.95,False
TMAX_P90_2D,TMAX,90,2,w15,6,8466,83820,101.002,7.81,True
TMAX_P90_2D,TMAX,90,2,w15,7,10470,86614,120.881,9.66,True
TMAX_P90_2D,TMAX,90,2,w15,8,12428,86614,143.487,11.47,True
TMAX_P90_2D,TMAX,90,2,w15,9,9383,83820,111.942,8.66,True
TMAX_P90_2D,TMAX,90,2,w15,10,11923,86614,137.657,11.0,False
TMAX_P90_2D,TMAX,90,2,w15,11,7781,83820,92.83,7.18,False
TMAX_P90_2D,TMAX,90,2,w15,12,11846,86614,136.768,10.93,False
TMAX_P90_3D,TMAX,90,3,month,1,2934,86614,33.874,3.65,False
TMAX_P90_3D,TMAX,90,3,month,2,5481,78994,69.385,6.81,False
TMAX_P90_3D,TMAX,90,3,month,3,5914,86614,68.28,7.35,False
TMAX_P90_3D,TMAX,90,3,month,4,1263,83820,15.068,1.57,False
TMAX_P90_3D,TMAX,90,3,month,5,7396,86614,85.39,9.19,False
TMAX_P90_3D,TMAX,90,3,month,6,6805,83820,81.186,8.46,True
TMAX_P90_3D,TMAX,90,3,month,7,9273,86614,107.061,11.53,True
TMAX_P90_3D,TMAX,90,3,month,8,11128,86614,128.478,13.83,True
TMAX_P90_3D,TMAX,90,3,month,9,5804,83820,69.244,7.21,True
TMAX_P90_3D,TMAX,90,3,month,10,8911,86614,102.882,11.08,False
TMAX_P90_3D,TMAX,90,3,month,11,6329,83820,75.507,7.87,False
TMAX_P90_3D,TMAX,90,3,month,12,9213,86614,106.368,11.45,False
TMAX_P90_3D,TMAX,90,3,month_pm7,1,2801,86614,32.339,3.87,False
TMAX_P90_3D,TMAX,90,3,month_pm7,2,5364,78994,67.904,7.41,False
TMAX_P90_3D,TMAX,90,3,month_pm7,3,5052,86614,58.328,6.98,False
TMAX_P90_3D,TMAX,90,3,month_pm7,4,1046,83820,12.479,1.44,False
TMAX_P90_3D,TMAX,90,3,month_pm7,5,6356,86614,73.383,8.78,False
TMAX_P90_3D,TMAX,90,3,month_pm7,6,6988,83820,83.369,9.65,True
TMAX_P90_3D,TMAX,90,3,month_pm7,7,8839,86614,102.05,12.2,True
TMAX_P90_3D,TMAX,90,3,month_pm7,8,11429,86614,131.953,15.78,True
TMAX_P90_3D,TMAX,90,3,month_pm7,9,4348,83820,51.873,6.0,True
TMAX_P90_3D,TMAX,90,3,month_pm7,10,6822,86614,78.763,9.42,False
TMAX_P90_3D,TMAX,90,3,month_pm7,11,5247,83820,62.598,7.24,False
TMAX_P90_3D,TMAX,90,3,month_pm7,12,8134,86614,93.911,11.23,False
TMAX_P90_3D,TMAX,90,3,w05,1,3287,86614,37.95,3.82,False
TMAX_P90_3D,TMAX,90,3,w05,2,6129,78994,77.588,7.13,False
TMAX_P90_3D,TMAX,90,3,w05,3,5874,86614,67.818,6.83,False
TMAX_P90_3D,TMAX,90,3,w05,4,1783,83820,21.272,2.07,False
TMAX_P90_3D,TMAX,90,3,w05,5,7644,86614,88.254,8.89,False
TMAX_P90_3D,TMAX,90,3,w05,6,7103,83820,84.741,8.26,True
TMAX_P90_3D,TMAX,90,3,w05,7,9600,86614,110.837,11.17,True
TMAX_P90_3D,TMAX,90,3,w05,8,10953,86614,126.458,12.74,True
TMAX_P90_3D,TMAX,90,3,w05,9,7909,83820,94.357,9.2,True
TMAX_P90_3D,TMAX,90,3,w05,10,10210,86614,117.879,11.88,False
TMAX_P90_3D,TMAX,90,3,w05,11,5626,83820,67.12,6.55,False
TMAX_P90_3D,TMAX,90,3,w05,12,9831,86614,113.504,11.44,False
TMAX_P90_3D,TMAX,90,3,w15,1,3171,86614,36.611,3.93,False
TMAX_P90_3D,TMAX,90,3,w15,2,5966,78994,75.525,7.39,False
TMAX_P90_3D,TMAX,90,3,w15,3,5263,86614,60.764,6.52,False
TMAX_P90_3D,TMAX,90,3,w15,4,1588,83820,18.945,1.97,False
TMAX_P90_3D,TMAX,90,3,w15,5,7143,86614,82.469,8.85,False
TMAX_P90_3D,TMAX,90,3,w15,6,6918,83820,82.534,8.57,True
TMAX_P90_3D,TMAX,90,3,w15,7,9144,86614,105.572,11.32,True
TMAX_P90_3D,TMAX,90,3,w15,8,10820,86614,124.922,13.4,True
TMAX_P90_3D,TMAX,90,3,w15,9,7452,83820,88.905,9.23,True
TMAX_P90_3D,TMAX,90,3,w15,10,8975,86614,103.621,11.11,False
TMAX_P90_3D,TMAX,90,3,w15,11,5100,83820,60.845,6.32,False
TMAX_P90_3D,TMAX,90,3,w15,12,9215,86614,106.392,11.41,False
TMAX_P95_2D,TMAX,95,2,month,1,2523,86614,29.129,4.56,False
TMAX_P95_2D,TMAX,95,2,month,2,4408,78994,55.802,7.98,False
TMAX_P95_2D,TMAX,95,2,month,3,4161,86614,48.041,7.53,False
TMAX_P95_2D,TMAX,95,2,month,4,1235,83820,14.734,2.23,False
TMAX_P95_2D,TMAX,95,2,month,5,4399,86614,50.789,7.96,False
TMAX_P95_2D,TMAX,95,2,month,6,3939,83820,46.994,7.13,True
TMAX_P95_2D,TMAX,95,2,month,7,5923,86614,68.384,10.72,True
TMAX_P95_2D,TMAX,95,2,month,8,7865,86614,90.805,14.23,True
TMAX_P95_2D,TMAX,95,2,month,9,3546,83820,42.305,6.42,True
TMAX_P95_2D,TMAX,95,2,month,10,5782,86614,66.756,10.46,False
TMAX_P95_2D,TMAX,95,2,month,11,4850,83820,57.862,8.78,False
TMAX_P95_2D,TMAX,95,2,month,12,6639,86614,76.65,12.01,False
TMAX_P95_2D,TMAX,95,2,month_pm7,1,2436,86614,28.125,5.07,False
TMAX_P95_2D,TMAX,95,2,month_pm7,2,4369,78994,55.308,9.09,False
TMAX_P95_2D,TMAX,95,2,month_pm7,3,3527,86614,40.721,7.34,False
TMAX_P95_2D,TMAX,95,2,month_pm7,4,963,83820,11.489,2.0,False
TMAX_P95_2D,TMAX,95,2,month_pm7,5,3594,86614,41.494,7.48,False
TMAX_P95_2D,TMAX,95,2,month_pm7,6,3953,83820,47.161,8.23,True
TMAX_P95_2D,TMAX,95,2,month_pm7,7,5451,86614,62.934,11.34,True
TMAX_P95_2D,TMAX,95,2,month_pm7,8,8038,86614,92.803,16.73,True
TMAX_P95_2D,TMAX,95,2,month_pm7,9,2679,83820,31.961,5.57,True
TMAX_P95_2D,TMAX,95,2,month_pm7,10,3884,86614,44.843,8.08,False
TMAX_P95_2D,TMAX,95,2,month_pm7,11,3685,83820,43.963,7.67,False
TMAX_P95_2D,TMAX,95,2,month_pm7,12,5480,86614,63.269,11.4,False
TMAX_P95_2D,TMAX,95,2,w05,1,2896,86614,33.436,4.6,False
TMAX_P95_2D,TMAX,95,2,w05,2,5148,78994,65.17,8.18,False
TMAX_P95_2D,TMAX,95,2,w05,3,4266,86614,49.253,6.78,False
TMAX_P95_2D,TMAX,95,2,w05,4,1969,83820,23.491,3.13,False
TMAX_P95_2D,TMAX,95,2,w05,5,5048,86614,58.282,8.02,False
TMAX_P95_2D,TMAX,95,2,w05,6,4509,83820,53.794,7.17,True
TMAX_P95_2D,TMAX,95,2,w05,7,6347,86614,73.279,10.09,True
TMAX_P95_2D,TMAX,95,2,w05,8,8110,86614,93.634,12.89,True
TMAX_P95_2D,TMAX,95,2,w05,9,4830,83820,57.623,7.68,True
TMAX_P95_2D,TMAX,95,2,w05,10,7453,86614,86.048,11.85,False
TMAX_P95_2D,TMAX,95,2,w05,11,4756,83820,56.741,7.56,False
TMAX_P95_2D,TMAX,95,2,w05,12,7585,86614,87.572,12.06,False
TMAX_P95_2D,TMAX,95,2,w15,1,2704,86614,31.219,4.78,False
TMAX_P95_2D,TMAX,95,2,w15,2,4908,78994,62.131,8.68,False
TMAX_P95_2D,TMAX,95,2,w15,3,3716,86614,42.903,6.57,False
TMAX_P95_2D,TMAX,95,2,w15,4,1607,83820,19.172,2.84,False
TMAX_P95_2D,TMAX,95,2,w15,5,4342,86614,50.13,7.67,False
TMAX_P95_2D,TMAX,95,2,w15,6,4202,83820,50.131,7.43,True
TMAX_P95_2D,TMAX,95,2,w15,7,5792,86614,66.871,10.24,True
TMAX_P95_2D,TMAX,95,2,w15,8,7873,86614,90.898,13.92,True
TMAX_P95_2D,TMAX,95,2,w15,9,4287,83820,51.145,7.58,True
TMAX_P95_2D,TMAX,95,2,w15,10,6128,86614,70.751,10.83,False
TMAX_P95_2D,TMAX,95,2,w15,11,4033,83820,48.115,7.13,False
TMAX_P95_2D,TMAX,95,2,w15,12,6984,86614,80.634,12.34,False
TMAX_P95_3D,TMAX,95,3,month,1,922,86614,10.645,2.4,False
TMAX_P95_3D,TMAX,95,3,month,2,2280,78994,28.863,5.93,False
TMAX_P95_3D,TMAX,95,3,month,3,2472,86614,28.54,6.43,False
TMAX_P95_3D,TMAX,95,3,month,4,245,83820,2.923,0.64,False
TMAX_P95_3D,TMAX,95,3,month,5,3334,86614,38.493,8.68,False
TMAX_P95_3D,TMAX,95,3,month,6,3072,83820,36.65,7.99,True
TMAX_P95_3D,TMAX,95,3,month,7,4920,86614,56.804,12.8,True
TMAX_P95_3D,TMAX,95,3,month,8,6679,86614,77.112,17.38,True
TMAX_P95_3D,TMAX,95,3,month,9,2696,83820,32.164,7.02,True
TMAX_P95_3D,TMAX,95,3,month,10,3997,86614,46.147,10.4,False
TMAX_P95_3D,TMAX,95,3,month,11,3085,83820,36.805,8.03,False
TMAX_P95_3D,TMAX,95,3,month,12,4724,86614,54.541,12.29,False
TMAX_P95_3D,TMAX,95,3,month_pm7,1,830,86614,9.583,2.53,False
TMAX_P95_3D,TMAX,95,3,month_pm7,2,2244,78994,28.407,6.83,False
TMAX_P95_3D,TMAX,95,3,month_pm7,3,2047,86614,23.634,6.23,False
TMAX_P95_3D,TMAX,95,3,month_pm7,4,181,83820,2.159,0.55,False
TMAX_P95_3D,TMAX,95,3,month_pm7,5,2657,86614,30.676,8.09,False
TMAX_P95_3D,TMAX,95,3,month_pm7,6,3040,83820,36.268,9.25,True
TMAX_P95_3D,TMAX,95,3,month_pm7,7,4490,86614,51.839,13.67,True
TMAX_P95_3D,TMAX,95,3,month_pm7,8,6810,86614,78.625,20.73,True
TMAX_P95_3D,TMAX,95,3,month_pm7,9,2094,83820,24.982,6.37,True
TMAX_P95_3D,TMAX,95,3,month_pm7,10,2532,86614,29.233,7.71,False
TMAX_P95_3D,TMAX,95,3,month_pm7,11,2192,83820,26.151,6.67,False
TMAX_P95_3D,TMAX,95,3,month_pm7,12,3734,86614,43.111,11.37,False
TMAX_P95_3D,TMAX,95,3,w05,1,1202,86614,13.878,2.73,False
TMAX_P95_3D,TMAX,95,3,w05,2,2890,78994,36.585,6.57,False
TMAX_P95_3D,TMAX,95,3,w05,3,2499,86614,28.852,5.68,False
TMAX_P95_3D,TMAX,95,3,w05,4,481,83820,5.738,1.09,False
TMAX_P95_3D,TMAX,95,3,w05,5,3961,86614,45.732,9.01,False
TMAX_P95_3D,TMAX,95,3,w05,6,3485,83820,41.577,7.92,True
TMAX_P95_3D,TMAX,95,3,w05,7,5278,86614,60.937,12.0,True
TMAX_P95_3D,TMAX,95,3,w05,8,6818,86614,78.717,15.5,True
TMAX_P95_3D,TMAX,95,3,w05,9,3493,83820,41.673,7.94,True
TMAX_P95_3D,TMAX,95,3,w05,10,5204,86614,60.083,11.83,False
TMAX_P95_3D,TMAX,95,3,w05,11,3058,83820,36.483,6.95,False
TMAX_P95_3D,TMAX,95,3,w05,12,5608,86614,64.747,12.75,False
TMAX_P95_3D,TMAX,95,3,w15,1,1079,86614,12.458,2.78,False
TMAX_P95_3D,TMAX,95,3,w15,2,2600,78994,32.914,6.69,False
TMAX_P95_3D,TMAX,95,3,w15,3,2102,86614,24.269,5.41,False
TMAX_P95_3D,TMAX,95,3,w15,4,311,83820,3.71,0.8,False
TMAX_P95_3D,TMAX,95,3,w15,5,3323,86614,38.366,8.55,False
TMAX_P95_3D,TMAX,95,3,w15,6,3245,83820,38.714,8.35,True
TMAX_P95_3D,TMAX,95,3,w15,7,4819,86614,55.638,12.4,True
TMAX_P95_3D,TMAX,95,3,w15,8,6680,86614,77.124,17.18,True
TMAX_P95_3D,TMAX,95,3,w15,9,3014,83820,35.958,7.75,True
TMAX_P95_3D,TMAX,95,3,w15,10,4101,86614,47.348,10.55,False
TMAX_P95_3D,TMAX,95,3,w15,11,2474,83820,29.516,6.36,False
TMAX_P95_3D,TMAX,95,3,w15,12,5128,86614,59.205,13.19,False
TMIN_P85_2D,TMIN,85,2,month,1,11003,86614,127.035,6.04,False
TMIN_P85_2D,TMIN,85,2,month,2,12018,78994,152.138,6.59,False
TMIN_P85_2D,TMIN,85,2,month,3,13729,86614,158.508,7.53,False
TMIN_P85_2D,TMIN,85,2,month,4,11832,83820,141.16,6.49,False
TMIN_P85_2D,TMIN,85,2,month,5,13064,86614,150.83,7.17,False
TMIN_P85_2D,TMIN,85,2,month,6,17702,83820,211.191,9.71,True
TMIN_P85_2D,TMIN,85,2,month,7,20246,86614,233.75,11.11,True
TMIN_P85_2D,TMIN,85,2,month,8,21417,86614,247.269,11.75,True
TMIN_P85_2D,TMIN,85,2,month,9,16353,83820,195.097,8.97,True
TMIN_P85_2D,TMIN,85,2,month,10,14312,86614,165.239,7.85,False
TMIN_P85_2D,TMIN,85,2,month,11,13183,83820,157.277,7.23,False
TMIN_P85_2D,TMIN,85,2,month,12,17392,86614,200.799,9.54,False
TMIN_P85_2D,TMIN,85,2,month_pm7,1,10480,86614,120.997,6.02,False
TMIN_P85_2D,TMIN,85,2,month_pm7,2,11545,78994,146.15,6.63,False
TMIN_P85_2D,TMIN,85,2,month_pm7,3,13391,86614,154.605,7.69,False
TMIN_P85_2D,TMIN,85,2,month_pm7,4,10683,83820,127.452,6.13,False
TMIN_P85_2D,TMIN,85,2,month_pm7,5,11942,86614,137.876,6.86,False
TMIN_P85_2D,TMIN,85,2,month_pm7,6,17884,83820,213.362,10.27,True
TMIN_P85_2D,TMIN,85,2,month_pm7,7,20224,86614,233.496,11.61,True
TMIN_P85_2D,TMIN,85,2,month_pm7,8,22522,86614,260.027,12.93,True
TMIN_P85_2D,TMIN,85,2,month_pm7,9,14053,83820,167.657,8.07,True
TMIN_P85_2D,TMIN,85,2,month_pm7,10,12970,86614,149.745,7.45,False
TMIN_P85_2D,TMIN,85,2,month_pm7,11,11617,83820,138.595,6.67,False
TMIN_P85_2D,TMIN,85,2,month_pm7,12,16823,86614,194.23,9.66,False
TMIN_P85_2D,TMIN,85,2,w05,1,11068,86614,127.785,5.91,False
TMIN_P85_2D,TMIN,85,2,w05,2,12762,78994,161.557,6.82,False
TMIN_P85_2D,TMIN,85,2,w05,3,14743,86614,170.215,7.88,False
TMIN_P85_2D,TMIN,85,2,w05,4,12133,83820,144.751,6.48,False
TMIN_P85_2D,TMIN,85,2,w05,5,14291,86614,164.996,7.63,False
TMIN_P85_2D,TMIN,85,2,w05,6,17619,83820,210.2,9.41,True
TMIN_P85_2D,TMIN,85,2,w05,7,20362,86614,235.089,10.88,True
TMIN_P85_2D,TMIN,85,2,w05,8,21306,86614,245.988,11.38,True
TMIN_P85_2D,TMIN,85,2,w05,9,17105,83820,204.068,9.14,True
TMIN_P85_2D,TMIN,85,2,w05,10,14042,86614,162.122,7.5,False
TMIN_P85_2D,TMIN,85,2,w05,11,13058,83820,155.786,6.98,False
TMIN_P85_2D,TMIN,85,2,w05,12,18709,86614,216.004,9.99,False
TMIN_P85_2D,TMIN,85,2,w15,1,10919,86614,126.065,6.02,False
TMIN_P85_2D,TMIN,85,2,w15,2,12368,78994,156.569,6.82,False
TMIN_P85_2D,TMIN,85,2,w15,3,14265,86614,164.696,7.86,False
TMIN_P85_2D,TMIN,85,2,w15,4,11495,83820,137.139,6.34,False
TMIN_P85_2D,TMIN,85,2,w15,5,13567,86614,156.637,7.48,False
TMIN_P85_2D,TMIN,85,2,w15,6,17268,83820,206.013,9.52,True
TMIN_P85_2D,TMIN,85,2,w15,7,19953,86614,230.367,11.0,True
TMIN_P85_2D,TMIN,85,2,w15,8,21184,86614,244.579,11.68,True
TMIN_P85_2D,TMIN,85,2,w15,9,16289,83820,194.333,8.98,True
TMIN_P85_2D,TMIN,85,2,w15,10,13611,86614,157.145,7.5,False
TMIN_P85_2D,TMIN,85,2,w15,11,12206,83820,145.622,6.73,False
TMIN_P85_2D,TMIN,85,2,w15,12,18319,86614,211.502,10.1,False
TMIN_P85_3D,TMIN,85,3,month,1,7872,86614,90.886,5.42,False
TMIN_P85_3D,TMIN,85,3,month,2,8301,78994,105.084,5.72,False
TMIN_P85_3D,TMIN,85,3,month,3,9947,86614,114.843,6.85,False
TMIN_P85_3D,TMIN,85,3,month,4,8258,83820,98.521,5.69,False
TMIN_P85_3D,TMIN,85,3,month,5,10296,86614,118.872,7.09,False
TMIN_P85_3D,TMIN,85,3,month,6,14633,83820,174.576,10.08,True
TMIN_P85_3D,TMIN,85,3,month,7,17133,86614,197.809,11.8,True
TMIN_P85_3D,TMIN,85,3,month,8,18695,86614,215.843,12.87,True
TMIN_P85_3D,TMIN,85,3,month,9,13876,83820,165.545,9.55,True
TMIN_P85_3D,TMIN,85,3,month,10,11558,86614,133.443,7.96,False
TMIN_P85_3D,TMIN,85,3,month,11,10404,83820,124.123,7.16,False
TMIN_P85_3D,TMIN,85,3,month,12,14264,86614,164.685,9.82,False
TMIN_P85_3D,TMIN,85,3,month_pm7,1,7409,86614,85.54,5.36,False
TMIN_P85_3D,TMIN,85,3,month_pm7,2,7958,78994,100.742,5.76,False
TMIN_P85_3D,TMIN,85,3,month_pm7,3,9637,86614,111.264,6.98,False
TMIN_P85_3D,TMIN,85,3,month_pm7,4,7329,83820,87.437,5.31,False
TMIN_P85_3D,TMIN,85,3,month_pm7,5,9301,86614,107.384,6.73,False
TMIN_P85_3D,TMIN,85,3,month_pm7,6,14803,83820,176.605,10.72,True
TMIN_P85_3D,TMIN,85,3,month_pm7,7,17150,86614,198.005,12.42,True
TMIN_P85_3D,TMIN,85,3,month_pm7,8,19686,86614,227.284,14.25,True
TMIN_P85_3D,TMIN,85,3,month_pm7,9,11671,83820,139.239,8.45,True
TMIN_P85_3D,TMIN,85,3,month_pm7,10,10407,86614,120.154,7.53,False
TMIN_P85_3D,TMIN,85,3,month_pm7,11,8963,83820,106.932,6.49,False
TMIN_P85_3D,TMIN,85,3,month_pm7,12,13810,86614,159.443,10.0,False
TMIN_P85_3D,TMIN,85,3,w05,1,8017,86614,92.56,5.41,False
TMIN_P85_3D,TMIN,85,3,w05,2,9361,78994,118.503,6.32,False
TMIN_P85_3D,TMIN,85,3,w05,3,10353,86614,119.53,6.99,False
TMIN_P85_3D,TMIN,85,3,w05,4,8268,83820,98.64,5.58,False
TMIN_P85_3D,TMIN,85,3,w05,5,11327,86614,130.776,7.65,False
TMIN_P85_3D,TMIN,85,3,w05,6,14193,83820,169.327,9.58,True
TMIN_P85_3D,TMIN,85,3,w05,7,17335,86614,200.141,11.7,True
TMIN_P85_3D,TMIN,85,3,w05,8,18251,86614,210.717,12.32,True
TMIN_P85_3D,TMIN,85,3,w05,9,14396,83820,171.749,9.72,True
TMIN_P85_3D,TMIN,85,3,w05,10,11228,86614,129.633,7.58,False
TMIN_P85_3D,TMIN,85,3,w05,11,9528,83820,113.672,6.43,False
TMIN_P85_3D,TMIN,85,3,w05,12,15859,86614,183.1,10.71,False
TMIN_P85_3D,TMIN,85,3,w15,1,7864,86614,90.794,5.5,False
TMIN_P85_3D,TMIN,85,3,w15,2,9046,78994,114.515,6.32,False
TMIN_P85_3D,TMIN,85,3,w15,3,9932,86614,114.67,6.94,False
TMIN_P85_3D,TMIN,85,3,w15,4,7714,83820,92.031,5.39,False
TMIN_P85_3D,TMIN,85,3,w15,5,10579,86614,122.14,7.4,False
TMIN_P85_3D,TMIN,85,3,w15,6,13886,83820,165.665,9.71,True
TMIN_P85_3D,TMIN,85,3,w15,7,16965,86614,195.869,11.86,True
TMIN_P85_3D,TMIN,85,3,w15,8,18191,86614,210.024,12.72,True
TMIN_P85_3D,TMIN,85,3,w15,9,13799,83820,164.627,9.65,True
TMIN_P85_3D,TMIN,85,3,w15,10,10936,86614,126.261,7.65,False
TMIN_P85_3D,TMIN,85,3,w15,11,8777,83820,104.712,6.14,False
TMIN_P85_3D,TMIN,85,3,w15,12,15331,86614,177.004,10.72,False
TMIN_P90_2D,TMIN,90,2,month,1,6555,86614,75.681,5.36,False
TMIN_P90_2D,TMIN,90,2,month,2,7839,78994,99.235,6.41,False
TMIN_P90_2D,TMIN,90,2,month,3,8313,86614,95.978,6.79,False
TMIN_P90_2D,TMIN,90,2,month,4,7576,83820,90.384,6.19,False
TMIN_P90_2D,TMIN,90,2,month,5,8904,86614,102.801,7.28,False
TMIN_P90_2D,TMIN,90,2,month,6,12162,83820,145.097,9.94,True
TMIN_P90_2D,TMIN,90,2,month,7,14102,86614,162.814,11.52,True
TMIN_P90_2D,TMIN,90,2,month,8,15467,86614,178.574,12.64,True
TMIN_P90_2D,TMIN,90,2,month,9,11106,83820,132.498,9.08,True
TMIN_P90_2D,TMIN,90,2,month,10,9348,86614,107.927,7.64,False
TMIN_P90_2D,TMIN,90,2,month,11,8809,83820,105.094,7.2,False
TMIN_P90_2D,TMIN,90,2,month,12,12182,86614,140.647,9.96,False
TMIN_P90_2D,TMIN,90,2,month_pm7,1,5876,86614,67.841,5.11,False
TMIN_P90_2D,TMIN,90,2,month_pm7,2,7478,78994,94.665,6.5,False
TMIN_P90_2D,TMIN,90,2,month_pm7,3,7973,86614,92.052,6.93,False
TMIN_P90_2D,TMIN,90,2,month_pm7,4,6576,83820,78.454,5.72,False
TMIN_P90_2D,TMIN,90,2,month_pm7,5,7857,86614,90.713,6.83,False
TMIN_P90_2D,TMIN,90,2,month_pm7,6,12389,83820,147.805,10.77,True
TMIN_P90_2D,TMIN,90,2,month_pm7,7,13989,86614,161.51,12.16,True
TMIN_P90_2D,TMIN,90,2,month_pm7,8,16321,86614,188.434,14.19,True
TMIN_P90_2D,TMIN,90,2,month_pm7,9,9144,83820,109.091,7.95,True
TMIN_P90_2D,TMIN,90,2,month_pm7,10,8223,86614,94.938,7.15,False
TMIN_P90_2D,TMIN,90,2,month_pm7,11,7538,83820,89.931,6.55,False
TMIN_P90_2D,TMIN,90,2,month_pm7,12,11664,86614,134.666,10.14,False
TMIN_P90_2D,TMIN,90,2,w05,1,6680,86614,77.124,5.22,False
TMIN_P90_2D,TMIN,90,2,w05,2,8927,78994,113.009,6.98,False
TMIN_P90_2D,TMIN,90,2,w05,3,9136,86614,105.479,7.14,False
TMIN_P90_2D,TMIN,90,2,w05,4,7806,83820,93.128,6.1,False
TMIN_P90_2D,TMIN,90,2,w05,5,9972,86614,115.132,7.8,False
TMIN_P90_2D,TMIN,90,2,w05,6,12085,83820,144.178,9.45,True
TMIN_P90_2D,TMIN,90,2,w05,7,14569,86614,168.206,11.39,True
TMIN_P90_2D,TMIN,90,2,w05,8,15467,86614,178.574,12.09,True
TMIN_P90_2D,TMIN,90,2,w05,9,11766,83820,140.372,9.2,True
TMIN_P90_2D,TMIN,90,2,w05,10,9225,86614,106.507,7.21,False
TMIN_P90_2D,TMIN,90,2,w05,11,8631,83820,102.971,6.75,False
TMIN_P90_2D,TMIN,90,2,w05,12,13642,86614,157.503,10.67,False
TMIN_P90_2D,TMIN,90,2,w15,1,6426,86614,74.191,5.28,False
TMIN_P90_2D,TMIN,90,2,w15,2,8680,78994,109.882,7.13,False
TMIN_P90_2D,TMIN,90,2,w15,3,8621,86614,99.534,7.08,False
TMIN_P90_2D,TMIN,90,2,w15,4,7319,83820,87.318,6.01,False
TMIN_P90_2D,TMIN,90,2,w15,5,9142,86614,105.549,7.51,False
TMIN_P90_2D,TMIN,90,2,w15,6,11586,83820,138.225,9.51,True
TMIN_P90_2D,TMIN,90,2,w15,7,14075,86614,162.503,11.56,True
TMIN_P90_2D,TMIN,90,2,w15,8,15276,86614,176.369,12.54,True
TMIN_P90_2D,TMIN,90,2,w15,9,11021,83820,131.484,9.05,True
TMIN_P90_2D,TMIN,90,2,w15,10,8888,86614,102.616,7.3,False
TMIN_P90_2D,TMIN,90,2,w15,11,7708,83820,91.959,6.33,False
TMIN_P90_2D,TMIN,90,2,w15,12,13035,86614,150.495,10.7,False
TMIN_P90_3D,TMIN,90,3,month,1,4275,86614,49.357,4.59,False
TMIN_P90_3D,TMIN,90,3,month,2,5147,78994,65.157,5.52,False
TMIN_P90_3D,TMIN,90,3,month,3,5274,86614,60.891,5.66,False
TMIN_P90_3D,TMIN,90,3,month,4,4911,83820,58.59,5.27,False
TMIN_P90_3D,TMIN,90,3,month,5,6471,86614,74.711,6.95,False
TMIN_P90_3D,TMIN,90,3,month,6,9502,83820,113.362,10.2,True
TMIN_P90_3D,TMIN,90,3,month,7,11632,86614,134.297,12.49,True
TMIN_P90_3D,TMIN,90,3,month,8,13084,86614,151.061,14.04,True
TMIN_P90_3D,TMIN,90,3,month,9,8925,83820,106.478,9.58,True
TMIN_P90_3D,TMIN,90,3,month,10,7269,86614,83.924,7.8,False
TMIN_P90_3D,TMIN,90,3,month,11,6578,83820,78.478,7.06,False
TMIN_P90_3D,TMIN,90,3,month,12,10093,86614,116.529,10.83,False
TMIN_P90_3D,TMIN,90,3,month_pm7,1,3751,86614,43.307,4.3,False
TMIN_P90_3D,TMIN,90,3,month_pm7,2,4839,78994,61.258,5.54,False
TMIN_P90_3D,TMIN,90,3,month_pm7,3,5017,86614,57.924,5.75,False
TMIN_P90_3D,TMIN,90,3,month_pm7,4,4199,83820,50.095,4.81,False
TMIN_P90_3D,TMIN,90,3,month_pm7,5,5594,86614,64.585,6.41,False
TMIN_P90_3D,TMIN,90,3,month_pm7,6,9692,83820,115.629,11.11,True
TMIN_P90_3D,TMIN,90,3,month_pm7,7,11517,86614,132.969,13.2,True
TMIN_P90_3D,TMIN,90,3,month_pm7,8,13916,86614,160.667,15.95,True
TMIN_P90_3D,TMIN,90,3,month_pm7,9,7223,83820,86.173,8.28,True
TMIN_P90_3D,TMIN,90,3,month_pm7,10,6294,86614,72.667,7.21,False
TMIN_P90_3D,TMIN,90,3,month_pm7,11,5534,83820,66.022,6.34,False
TMIN_P90_3D,TMIN,90,3,month_pm7,12,9696,86614,111.945,11.11,False
TMIN_P90_3D,TMIN,90,3,w05,1,4289,86614,49.519,4.47,False
TMIN_P90_3D,TMIN,90,3,w05,2,6349,78994,80.373,6.62,False
TMIN_P90_3D,TMIN,90,3,w05,3,5448,86614,62.9,5.68,False
TMIN_P90_3D,TMIN,90,3,w05,4,4749,83820,56.657,4.95,False
TMIN_P90_3D,TMIN,90,3,w05,5,7231,86614,83.485,7.54,False
TMIN_P90_3D,TMIN,90,3,w05,6,9099,83820,108.554,9.49,True
TMIN_P90_3D,TMIN,90,3,w05,7,12116,86614,139.885,12.64,True
TMIN_P90_3D,TMIN,90,3,w05,8,12905,86614,148.994,13.46,True
TMIN_P90_3D,TMIN,90,3,w05,9,9393,83820,112.062,9.8,True
TMIN_P90_3D,TMIN,90,3,w05,10,7090,86614,81.857,7.39,False
TMIN_P90_3D,TMIN,90,3,w05,11,5976,83820,71.296,6.23,False
TMIN_P90_3D,TMIN,90,3,w05,12,11231,86614,129.667,11.71,False
TMIN_P90_3D,TMIN,90,3,w15,1,4135,86614,47.741,4.54,False
TMIN_P90_3D,TMIN,90,3,w15,2,6141,78994,77.74,6.74,False
TMIN_P90_3D,TMIN,90,3,w15,3,5157,86614,59.54,5.66,False
TMIN_P90_3D,TMIN,90,3,w15,4,4405,83820,52.553,4.83,False
TMIN_P90_3D,TMIN,90,3,w15,5,6532,86614,75.415,7.17,False
TMIN_P90_3D,TMIN,90,3,w15,6,8714,83820,103.961,9.56,True
TMIN_P90_3D,TMIN,90,3,w15,7,11566,86614,133.535,12.69,True
TMIN_P90_3D,TMIN,90,3,w15,8,12727,86614,146.939,13.97,True
TMIN_P90_3D,TMIN,90,3,w15,9,8813,83820,105.142,9.67,True
TMIN_P90_3D,TMIN,90,3,w15,10,6932,86614,80.033,7.61,False
TMIN_P90_3D,TMIN,90,3,w15,11,5260,83820,62.754,5.77,False
TMIN_P90_3D,TMIN,90,3,w15,12,10751,86614,124.125,11.8,False
TMIN_P95_2D,TMIN,95,2,month,1,2548,86614,29.418,4.12,False
TMIN_P95_2D,TMIN,95,2,month,2,3943,78994,49.915,6.37,False
TMIN_P95_2D,TMIN,95,2,month,3,3350,86614,38.677,5.41,False
TMIN_P95_2D,TMIN,95,2,month,4,3622,83820,43.212,5.85,False
TMIN_P95_2D,TMIN,95,2,month,5,4716,86614,54.448,7.62,False
TMIN_P95_2D,TMIN,95,2,month,6,6175,83820,73.67,9.98,True
TMIN_P95_2D,TMIN,95,2,month,7,7534,86614,86.984,12.17,True
TMIN_P95_2D,TMIN,95,2,month,8,8695,86614,100.388,14.05,True
TMIN_P95_2D,TMIN,95,2,month,9,5460,83820,65.14,8.82,True
TMIN_P95_2D,TMIN,95,2,month,10,4551,86614,52.543,7.35,False
TMIN_P95_2D,TMIN,95,2,month,11,4521,83820,53.937,7.3,False
TMIN_P95_2D,TMIN,95,2,month,12,6788,86614,78.371,10.97,False
TMIN_P95_2D,TMIN,95,2,month_pm7,1,2133,86614,24.627,3.77,False
TMIN_P95_2D,TMIN,95,2,month_pm7,2,3761,78994,47.611,6.65,False
TMIN_P95_2D,TMIN,95,2,month_pm7,3,3061,86614,35.341,5.41,False
TMIN_P95_2D,TMIN,95,2,month_pm7,4,2804,83820,33.453,4.95,False
TMIN_P95_2D,TMIN,95,2,month_pm7,5,4009,86614,46.286,7.08,False
TMIN_P95_2D,TMIN,95,2,month_pm7,6,6373,83820,76.032,11.26,True
TMIN_P95_2D,TMIN,95,2,month_pm7,7,7335,86614,84.686,12.96,True
TMIN_P95_2D,TMIN,95,2,month_pm7,8,9188,86614,106.08,16.24,True
TMIN_P95_2D,TMIN,95,2,month_pm7,9,4225,83820,50.406,7.47,True
TMIN_P95_2D,TMIN,95,2,month_pm7,10,3908,86614,45.12,6.91,False
TMIN_P95_2D,TMIN,95,2,month_pm7,11,3612,83820,43.092,6.38,False
TMIN_P95_2D,TMIN,95,2,month_pm7,12,6181,86614,71.363,10.92,False
TMIN_P95_2D,TMIN,95,2,w05,1,2900,86614,33.482,4.29,False
TMIN_P95_2D,TMIN,95,2,w05,2,4869,78994,61.638,7.21,False
TMIN_P95_2D,TMIN,95,2,w05,3,3827,86614,44.185,5.67,False
TMIN_P95_2D,TMIN,95,2,w05,4,3682,83820,43.927,5.45,False
TMIN_P95_2D,TMIN,95,2,w05,5,5530,86614,63.846,8.19,False
TMIN_P95_2D,TMIN,95,2,w05,6,6332,83820,75.543,9.38,True
TMIN_P95_2D,TMIN,95,2,w05,7,8313,86614,95.978,12.31,True
TMIN_P95_2D,TMIN,95,2,w05,8,8778,86614,101.346,13.0,True
TMIN_P95_2D,TMIN,95,2,w05,9,6297,83820,75.125,9.33,True
TMIN_P95_2D,TMIN,95,2,w05,10,4695,86614,54.206,6.95,False
TMIN_P95_2D,TMIN,95,2,w05,11,4323,83820,51.575,6.4,False
TMIN_P95_2D,TMIN,95,2,w05,12,7979,86614,92.121,11.82,False
TMIN_P95_2D,TMIN,95,2,w15,1,2569,86614,29.66,4.18,False
TMIN_P95_2D,TMIN,95,2,w15,2,4650,78994,58.865,7.56,False
TMIN_P95_2D,TMIN,95,2,w15,3,3254,86614,37.569,5.29,False
TMIN_P95_2D,TMIN,95,2,w15,4,3233,83820,38.571,5.26,False
TMIN_P95_2D,TMIN,95,2,w15,5,4827,86614,55.73,7.85,False
TMIN_P95_2D,TMIN,95,2,w15,6,5879,83820,70.138,9.56,True
TMIN_P95_2D,TMIN,95,2,w15,7,7673,86614,88.588,12.48,True
TMIN_P95_2D,TMIN,95,2,w15,8,8370,86614,96.636,13.61,True
TMIN_P95_2D,TMIN,95,2,w15,9,5754,83820,68.647,9.36,True
TMIN_P95_2D,TMIN,95,2,w15,10,4427,86614,51.112,7.2,False
TMIN_P95_2D,TMIN,95,2,w15,11,3497,83820,41.72,5.69,False
TMIN_P95_2D,TMIN,95,2,w15,12,7363,86614,85.009,11.97,False
TMIN_P95_3D,TMIN,95,3,month,1,1368,86614,15.794,3.16,False
TMIN_P95_3D,TMIN,95,3,month,2,2245,78994,28.42,5.18,False
TMIN_P95_3D,TMIN,95,3,month,3,1617,86614,18.669,3.73,False
TMIN_P95_3D,TMIN,95,3,month,4,2063,83820,24.612,4.76,False
TMIN_P95_3D,TMIN,95,3,month,5,2927,86614,33.794,6.76,False
TMIN_P95_3D,TMIN,95,3,month,6,4338,83820,51.754,10.02,True
TMIN_P95_3D,TMIN,95,3,month,7,5885,86614,67.945,13.59,True
TMIN_P95_3D,TMIN,95,3,month,8,6894,86614,79.595,15.92,True
TMIN_P95_3D,TMIN,95,3,month,9,4044,83820,48.246,9.34,True
TMIN_P95_3D,TMIN,95,3,month,10,3412,86614,39.393,7.88,False
TMIN_P95_3D,TMIN,95,3,month,11,3173,83820,37.855,7.33,False
TMIN_P95_3D,TMIN,95,3,month,12,5343,86614,61.687,12.34,False
TMIN_P95_3D,TMIN,95,3,month_pm7,1,1087,86614,12.55,2.76,False
TMIN_P95_3D,TMIN,95,3,month_pm7,2,2143,78994,27.129,5.44,False
TMIN_P95_3D,TMIN,95,3,month_pm7,3,1391,86614,16.06,3.53,False
TMIN_P95_3D,TMIN,95,3,month_pm7,4,1494,83820,17.824,3.79,False
TMIN_P95_3D,TMIN,95,3,month_pm7,5,2474,86614,28.564,6.28,False
TMIN_P95_3D,TMIN,95,3,month_pm7,6,4524,83820,53.973,11.48,True
TMIN_P95_3D,TMIN,95,3,month_pm7,7,5703,86614,65.844,14.47,True
TMIN_P95_3D,TMIN,95,3,month_pm7,8,7359,86614,84.963,18.67,True
TMIN_P95_3D,TMIN,95,3,month_pm7,9,2984,83820,35.6,7.57,True
TMIN_P95_3D,TMIN,95,3,month_pm7,10,2919,86614,33.701,7.41,False
TMIN_P95_3D,TMIN,95,3,month_pm7,11,2518,83820,30.041,6.39,False
TMIN_P95_3D,TMIN,95,3,month_pm7,12,4816,86614,55.603,12.22,False
TMIN_P95_3D,TMIN,95,3,w05,1,1619,86614,18.692,3.44,False
TMIN_P95_3D,TMIN,95,3,w05,2,3073,78994,38.902,6.52,False
TMIN_P95_3D,TMIN,95,3,w05,3,1674,86614,19.327,3.55,False
TMIN_P95_3D,TMIN,95,3,w05,4,1878,83820,22.405,3.99,False
TMIN_P95_3D,TMIN,95,3,w05,5,3602,86614,41.587,7.65,False
TMIN_P95_3D,TMIN,95,3,w05,6,4368,83820,52.112,9.27,True
TMIN_P95_3D,TMIN,95,3,w05,7,6576,86614,75.923,13.96,True
TMIN_P95_3D,TMIN,95,3,w05,8,6889,86614,79.537,14.63,True
TMIN_P95_3D,TMIN,95,3,w05,9,4694,83820,56.001,9.97,True
TMIN_P95_3D,TMIN,95,3,w05,10,3349,86614,38.666,7.11,False
TMIN_P95_3D,TMIN,95,3,w05,11,2774,83820,33.095,5.89,False
TMIN_P95_3D,TMIN,95,3,w05,12,6603,86614,76.235,14.02,False
TMIN_P95_3D,TMIN,95,3,w15,1,1430,86614,16.51,3.35,False
TMIN_P95_3D,TMIN,95,3,w15,2,2857,78994,36.167,6.7,False
TMIN_P95_3D,TMIN,95,3,w15,3,1507,86614,17.399,3.53,False
TMIN_P95_3D,TMIN,95,3,w15,4,1612,83820,19.232,3.78,False
TMIN_P95_3D,TMIN,95,3,w15,5,3106,86614,35.86,7.28,False
TMIN_P95_3D,TMIN,95,3,w15,6,4059,83820,48.425,9.52,True
TMIN_P95_3D,TMIN,95,3,w15,7,6038,86614,69.712,14.16,True
TMIN_P95_3D,TMIN,95,3,w15,8,6552,86614,75.646,15.37,True
TMIN_P95_3D,TMIN,95,3,w15,9,4158,83820,49.606,9.75,True
TMIN_P95_3D,TMIN,95,3,w15,10,3121,86614,36.033,7.32,False
TMIN_P95_3D,TMIN,95,3,w15,11,2178,83820,25.984,5.11,False
TMIN_P95_3D,TMIN,95,3,w15,12,6020,86614,69.504,14.12,False
