state,run_id,definition_id,def_number,metric,percentile,minimum_duration_days,window,window_label,counties_total,counties_with_any_heatwave_day,counties_with_zero_heatwave_days,eligible_county_days_QA_pooled,heatwave_days_QA_pooled_2015_2025,heatwave_events_QA_pooled_2015_2025,heatwave_days_per_1000_eligible_QA_pooled,per_county_heatwave_days_2015_2025_median,per_county_heatwave_days_2015_2025_q25,per_county_heatwave_days_2015_2025_q75,per_county_heatwave_days_2015_2025_min,per_county_heatwave_days_2015_2025_max,event_duration_days_median,event_duration_days_q75,event_duration_days_max,events_of_2_days,events_of_3_days,events_7_days_or_more,events_at_or_over_review_length,events_crossing_a_month_boundary,events_crossing_a_year_boundary,rate_jun_sep_per_1000_eligible,rate_oct_may_per_1000_eligible,pct_heatwave_days_in_jun_sep,peak_month_by_rate,heatwave_days_imputed_QA_pooled,pct_heatwave_days_imputed,artifact_county_days_excluded,reference_method,season_rule,absolute_floor,comparison_op
TX,MHI_P85_2D__w05,MHI_P85_2D,1,MHI,85,2,w05,centered 5-day window (+/-2 days),254,254,0,1020475,177271,49881,173.71,699.0,586.25,801.5,167,1243,3.0,4.0,48,21760,11406,4789,23,3635,284,188.79,166.15,36.3,Dec,30655,17.29,97,walk_forward_1979_to_Yminus1,year_round,none,>
TX,MHI_P85_2D__w15,MHI_P85_2D,1,MHI,85,2,w15,centered 15-day window (+/-7 days),254,254,0,1020475,170894,48323,167.47,677.0,567.5,775.25,154,1230,3.0,4.0,48,21252,10983,4544,28,3496,322,184.73,158.81,36.85,Dec,29210,17.09,97,walk_forward_1979_to_Yminus1,year_round,none,>
TX,MHI_P85_2D__month,MHI_P85_2D,1,MHI,85,2,month,calendar-month bucket,254,254,0,1020475,171115,47470,167.68,677.5,564.5,771.75,144,1233,3.0,4.0,48,19765,10838,4690,23,2072,228,183.65,159.67,36.58,Aug,29307,17.13,97,walk_forward_1979_to_Yminus1,year_round,none,>
TX,MHI_P85_2D__month_pm7,MHI_P85_2D,1,MHI,85,2,month_pm7,calendar month +/- 7 days,254,254,0,1020475,159534,44973,156.33,629.5,516.5,716.75,130,1181,3.0,4.0,48,19121,10345,4114,29,1963,213,177.95,145.49,38.02,Aug,26947,16.89,97,walk_forward_1979_to_Yminus1,year_round,none,>
TX,MHI_P95_2D__w05,MHI_P95_2D,2,MHI,95,2,w05,centered 5-day window (+/-2 days),254,254,0,1020475,58890,19314,57.71,219.0,166.5,282.75,30,571,2.0,4.0,48,10247,4232,837,4,970,85,60.79,56.16,35.19,Dec,9299,15.79,97,walk_forward_1979_to_Yminus1,year_round,none,>
TX,MHI_P95_2D__w15,MHI_P95_2D,2,MHI,95,2,w15,centered 15-day window (+/-7 days),254,254,0,1020475,52786,17428,51.73,195.5,148.25,254.0,18,516,2.0,3.0,31,9295,3893,691,4,826,82,56.14,49.52,36.25,Dec,8158,15.45,97,walk_forward_1979_to_Yminus1,year_round,none,>
TX,MHI_P95_2D__month,MHI_P95_2D,2,MHI,95,2,month,calendar-month bucket,254,254,0,1020475,53273,17517,52.2,193.5,150.25,258.75,15,510,2.0,3.0,31,9135,4134,667,2,483,82,54.99,50.8,35.19,Dec,8221,15.43,97,walk_forward_1979_to_Yminus1,year_round,none,>
TX,MHI_P95_2D__month_pm7,MHI_P95_2D,2,MHI,95,2,month_pm7,calendar month +/- 7 days,254,254,0,1020475,45107,15112,44.2,160.5,123.5,218.75,6,482,2.0,3.0,26,8167,3528,516,2,446,72,51.67,40.46,39.04,Dec,6719,14.9,97,walk_forward_1979_to_Yminus1,year_round,none,>
TX,TMAX_P90_2D__w05,TMAX_P90_2D,3,TMAX,90,2,w05,centered 5-day window (+/-2 days),254,254,0,1020572,114603,31963,112.29,432.5,366.75,524.5,125,956,3.0,4.0,48,14327,7307,3145,72,1971,219,123.75,106.55,36.81,Oct,17462,15.24,0,walk_forward_1979_to_Yminus1,year_round,none,>
TX,TMAX_P90_2D__w15,TMAX_P90_2D,3,TMAX,90,2,w15,centered 15-day window (+/-7 days),254,254,0,1020572,108359,30503,106.17,403.0,341.25,497.5,114,919,3.0,4.0,47,13802,7100,2868,69,1908,219,119.54,99.47,37.6,Aug,16529,15.25,0,walk_forward_1979_to_Yminus1,year_round,none,>
TX,TMAX_P90_2D__month,TMAX_P90_2D,3,TMAX,90,2,month,calendar-month bucket,254,254,0,1020572,106769,29755,104.62,403.5,340.5,485.0,104,853,3.0,4.0,48,13159,6865,2760,80,1138,170,115.22,99.3,36.78,Aug,16281,15.25,0,walk_forward_1979_to_Yminus1,year_round,none,>
TX,TMAX_P90_2D__month_pm7,TMAX_P90_2D,3,TMAX,90,2,month_pm7,calendar month +/- 7 days,254,254,0,1020572,97478,27589,95.51,370.5,309.25,438.75,73,766,3.0,4.0,48,12526,6380,2401,81,1068,154,110.2,88.15,38.54,Aug,14769,15.15,0,walk_forward_1979_to_Yminus1,year_round,none,>
TX,TMIN_P90_2D__w05,TMIN_P90_2D,4,TMIN,90,2,w05,centered 5-day window (+/-2 days),254,254,0,1020572,127906,36636,125.33,492.0,390.0,599.0,98,1121,3.0,4.0,48,16015,8371,3075,20,2601,117,158.09,108.9,42.13,Aug,23734,18.56,0,walk_forward_1979_to_Yminus1,year_round,none,>
TX,TMIN_P90_2D__w15,TMIN_P90_2D,4,TMIN,90,2,w15,centered 15-day window (+/-7 days),254,254,0,1020572,121777,34951,119.32,471.0,369.0,564.0,92,1115,3.0,4.0,48,15322,7942,2871,19,2385,148,152.43,102.72,42.67,Aug,22434,18.42,0,walk_forward_1979_to_Yminus1,year_round,none,>
TX,TMIN_P90_2D__month,TMIN_P90_2D,4,TMIN,90,2,month,calendar-month bucket,254,254,0,1020572,122363,34419,119.9,473.0,372.5,571.75,74,1083,3.0,4.0,48,14601,7651,3074,29,1689,116,155.01,102.29,43.18,Aug,22768,18.61,0,walk_forward_1979_to_Yminus1,year_round,none,>
TX,TMIN_P90_2D__month_pm7,TMIN_P90_2D,4,TMIN,90,2,month_pm7,calendar month +/- 7 days,254,254,0,1020572,115028,32499,112.71,444.0,341.25,534.75,72,1008,3.0,4.0,48,13878,7280,2830,29,1612,105,152.09,92.96,45.07,Aug,21179,18.41,0,walk_forward_1979_to_Yminus1,year_round,none,>
TX,TMAX_P85_2D__w05,TMAX_P85_2D,5,TMAX,85,2,w05,centered 5-day window (+/-2 days),254,254,0,1020572,166682,43751,163.32,636.5,557.25,742.25,234,1251,3.0,4.0,66,18282,9996,5006,162,3145,283,178.14,155.89,36.43,Oct,26673,16.0,0,walk_forward_1979_to_Yminus1,year_round,none,>
TX,TMAX_P85_2D__w15,TMAX_P85_2D,5,TMAX,85,2,w15,centered 15-day window (+/-7 days),254,254,0,1020572,161004,42631,157.76,617.0,541.0,720.75,215,1220,3.0,4.0,66,18096,9764,4755,160,3060,294,175.03,149.1,37.06,Oct,25777,16.01,0,walk_forward_1979_to_Yminus1,year_round,none,>
TX,TMAX_P85_2D__month,TMAX_P85_2D,5,TMAX,85,2,month,calendar-month bucket,254,254,0,1020572,158349,41318,155.16,605.5,533.0,707.25,207,1185,3.0,4.0,66,16909,9316,4684,167,1961,231,169.12,148.16,36.41,Oct,25591,16.16,0,walk_forward_1979_to_Yminus1,year_round,none,>
TX,TMAX_P85_2D__month_pm7,TMAX_P85_2D,5,TMAX,85,2,month_pm7,calendar month +/- 7 days,254,254,0,1020572,148222,39146,145.23,564.5,494.0,660.0,185,1074,3.0,4.0,69,16272,8955,4249,164,1870,226,162.44,136.61,37.36,Aug,23765,16.03,0,walk_forward_1979_to_Yminus1,year_round,none,>
TX,TMIN_P85_2D__w05,TMIN_P85_2D,6,TMIN,85,2,w05,centered 5-day window (+/-2 days),254,254,0,1020572,187198,49657,183.42,726.5,602.25,861.75,172,1477,3.0,4.0,50,19541,11244,5533,67,3992,263,224.11,163.02,40.81,Aug,35318,18.87,0,walk_forward_1979_to_Yminus1,year_round,none,>
TX,TMIN_P85_2D__w15,TMIN_P85_2D,6,TMIN,85,2,w15,centered 15-day window (+/-7 days),254,254,0,1020572,181444,48193,177.79,701.0,584.25,841.25,156,1452,3.0,4.0,66,19212,10686,5371,68,3775,319,219.13,157.05,41.17,Aug,34308,18.91,0,walk_forward_1979_to_Yminus1,year_round,none,>
TX,TMIN_P85_2D__month,TMIN_P85_2D,6,TMIN,85,2,month,calendar-month bucket,254,254,0,1020572,182251,47608,178.58,709.0,594.0,844.5,167,1423,3.0,5.0,66,18507,10362,5580,76,2723,209,222.13,156.73,41.55,Aug,34380,18.86,0,walk_forward_1979_to_Yminus1,year_round,none,>
TX,TMIN_P85_2D__month_pm7,TMIN_P85_2D,6,TMIN,85,2,month_pm7,calendar month +/- 7 days,254,254,0,1020572,174134,45727,170.62,681.0,554.75,813.25,156,1319,3.0,5.0,66,18005,9895,5235,82,2628,198,219.1,146.32,42.89,Aug,32544,18.69,0,walk_forward_1979_to_Yminus1,year_round,none,>
TX,TMAX_P95_2D__w05,TMAX_P95_2D,7,TMAX,95,2,w05,centered 5-day window (+/-2 days),254,254,0,1020572,62917,19095,61.65,235.0,187.0,296.5,34,556,3.0,4.0,46,9470,4261,1355,27,907,140,69.81,57.56,37.82,Aug,9033,14.36,0,walk_forward_1979_to_Yminus1,year_round,none,>
TX,TMAX_P95_2D__w15,TMAX_P95_2D,7,TMAX,95,2,w15,centered 15-day window (+/-7 days),254,254,0,1020572,56576,17405,55.44,210.5,169.25,262.75,27,501,2.0,4.0,44,8850,3821,1128,25,851,126,64.99,50.64,39.16,Aug,7913,13.99,0,walk_forward_1979_to_Yminus1,year_round,none,>
TX,TMAX_P95_2D__month,TMAX_P95_2D,7,TMAX,95,2,month,calendar-month bucket,254,254,0,1020572,55270,16898,54.16,207.5,164.0,261.25,31,480,3.0,4.0,46,8422,3817,1002,29,442,107,62.41,50.02,38.49,Aug,7893,14.28,0,walk_forward_1979_to_Yminus1,year_round,none,>
TX,TMAX_P95_2D__month_pm7,TMAX_P95_2D,7,TMAX,95,2,month_pm7,calendar month +/- 7 days,254,254,0,1020572,48059,14880,47.09,182.0,141.0,224.0,21,417,2.0,4.0,46,7604,3362,821,31,412,91,59.03,41.1,41.87,Aug,6714,13.97,0,walk_forward_1979_to_Yminus1,year_round,none,>
TX,TMIN_P95_2D__w05,TMIN_P95_2D,8,TMIN,95,2,w05,centered 5-day window (+/-2 days),254,254,0,1020572,67525,21010,66.16,254.0,190.25,325.0,29,728,3.0,4.0,48,10213,4772,1118,3,1323,54,87.19,55.62,44.01,Aug,12117,17.94,0,walk_forward_1979_to_Yminus1,year_round,none,>
TX,TMIN_P95_2D__w15,TMIN_P95_2D,8,TMIN,95,2,w15,centered 15-day window (+/-7 days),254,254,0,1020572,61496,19215,60.26,231.0,169.25,298.5,17,682,3.0,4.0,48,9429,4352,972,4,1169,60,81.19,49.76,45.0,Aug,11016,17.91,0,walk_forward_1979_to_Yminus1,year_round,none,>
TX,TMIN_P95_2D__month,TMIN_P95_2D,8,TMIN,95,2,month,calendar-month bucket,254,254,0,1020572,61903,19193,60.66,234.0,174.0,295.0,17,673,3.0,4.0,48,9297,4367,1042,7,810,57,81.74,50.08,45.01,Aug,10983,17.74,0,walk_forward_1979_to_Yminus1,year_round,none,>
TX,TMIN_P95_2D__month_pm7,TMIN_P95_2D,8,TMIN,95,2,month_pm7,calendar month +/- 7 days,254,254,0,1020572,56590,17579,55.45,213.5,149.5,272.75,13,631,3.0,4.0,48,8589,4010,947,8,759,51,79.56,43.36,47.93,Aug,9859,17.42,0,walk_forward_1979_to_Yminus1,year_round,none,>
TX,MHI_P90_2D__w05,MHI_P90_2D,9,MHI,90,2,w05,centered 5-day window (+/-2 days),254,254,0,1020475,116802,35358,114.46,448.0,369.0,537.75,82,930,3.0,4.0,48,16989,7999,2593,8,2193,158,123.27,110.04,35.97,Dec,19634,16.81,97,walk_forward_1979_to_Yminus1,year_round,none,>
TX,MHI_P90_2D__w15,MHI_P90_2D,9,MHI,90,2,w15,centered 15-day window (+/-7 days),254,254,0,1020475,110243,33508,108.03,425.0,343.0,514.5,66,875,3.0,4.0,48,16229,7521,2432,6,2029,179,119.21,102.42,36.86,Dec,18256,16.56,97,walk_forward_1979_to_Yminus1,year_round,none,>
TX,MHI_P90_2D__month,MHI_P90_2D,9,MHI,90,2,month,calendar-month bucket,254,254,0,1020475,110334,33139,108.12,426.0,348.5,512.5,75,877,3.0,4.0,48,15224,7743,2340,7,1174,148,117.63,103.35,36.34,Dec,18264,16.55,97,walk_forward_1979_to_Yminus1,year_round,none,>
TX,MHI_P90_2D__month_pm7,MHI_P90_2D,9,MHI,90,2,month_pm7,calendar month +/- 7 days,254,254,0,1020475,99482,30244,97.49,384.0,312.0,470.5,60,832,3.0,4.0,48,14235,7069,2017,9,1084,133,112.84,89.79,38.66,Aug,16230,16.31,97,walk_forward_1979_to_Yminus1,year_round,none,>
TX,TMAX_P90_3D__w05,TMAX_P90_3D,10,TMAX,90,3,w05,centered 5-day window (+/-2 days),254,254,0,1020572,85949,17636,84.22,314.0,253.25,399.75,63,782,4.0,5.0,48,0,7307,3145,72,1622,208,104.34,74.13,41.38,Aug,13456,15.66,0,walk_forward_1979_to_Yminus1,year_round,none,>
TX,TMAX_P90_3D__w15,TMAX_P90_3D,10,TMAX,90,3,w15,centered 15-day window (+/-7 days),254,254,0,1020572,80755,16701,79.13,297.5,239.25,373.75,59,747,4.0,5.0,47,0,7100,2868,69,1573,208,100.73,68.3,42.52,Aug,12669,15.69,0,walk_forward_1979_to_Yminus1,year_round,none,>
TX,TMAX_P90_3D__month,TMAX_P90_3D,10,TMAX,90,3,month,calendar-month bucket,254,254,0,1020572,80451,16596,78.83,299.0,238.25,375.5,49,715,4.0,5.0,48,0,6865,2760,80,935,156,96.84,69.8,41.03,Aug,12628,15.7,0,walk_forward_1979_to_Yminus1,year_round,none,>
TX,TMAX_P90_3D__month_pm7,TMAX_P90_3D,10,TMAX,90,3,month_pm7,calendar month +/- 7 days,254,254,0,1020572,72426,15063,70.97,270.5,216.25,337.75,41,636,4.0,5.0,48,0,6380,2401,81,888,143,92.72,60.06,43.64,Aug,11362,15.69,0,walk_forward_1979_to_Yminus1,year_round,none,>
TX,TMIN_P90_3D__w05,TMIN_P90_3D,11,TMIN,90,3,w05,centered 5-day window (+/-2 days),254,254,0,1020572,95876,20621,93.94,362.5,278.25,458.5,76,965,4.0,5.0,48,0,8371,3075,20,1974,104,127.65,77.04,45.38,Aug,18754,19.56,0,walk_forward_1979_to_Yminus1,year_round,none,>
TX,TMIN_P90_3D__w15,TMIN_P90_3D,11,TMIN,90,3,w15,centered 15-day window (+/-7 days),254,254,0,1020572,91133,19629,89.3,348.5,265.0,433.5,80,953,4.0,5.0,48,0,7942,2871,19,1821,127,122.69,72.55,45.89,Aug,17772,19.5,0,walk_forward_1979_to_Yminus1,year_round,none,>
TX,TMIN_P90_3D__month,TMIN_P90_3D,11,TMIN,90,3,month,calendar-month bucket,254,254,0,1020572,93161,19818,91.28,360.0,277.25,441.0,54,955,4.0,5.0,48,0,7651,3074,29,1339,89,126.57,73.59,46.31,Aug,18373,19.72,0,walk_forward_1979_to_Yminus1,year_round,none,>
TX,TMIN_P90_3D__month_pm7,TMIN_P90_3D,11,TMIN,90,3,month_pm7,calendar month +/- 7 days,254,254,0,1020572,87272,18621,85.51,334.5,253.0,414.75,48,876,4.0,5.0,48,0,7280,2830,29,1295,83,124.24,66.09,48.52,Aug,17018,19.5,0,walk_forward_1979_to_Yminus1,year_round,none,>
TX,TMAX_P85_3D__w05,TMAX_P85_3D,12,TMAX,85,3,w05,centered 5-day window (+/-2 days),254,254,0,1020572,130118,25469,127.5,486.0,407.25,599.75,140,1059,4.0,6.0,66,0,9996,5006,162,2640,274,154.41,114.0,40.45,Oct,21348,16.41,0,walk_forward_1979_to_Yminus1,year_round,none,>
TX,TMAX_P85_3D__w15,TMAX_P85_3D,12,TMAX,85,3,w15,centered 15-day window (+/-7 days),254,254,0,1020572,124812,24535,122.3,470.5,391.5,576.5,125,1016,4.0,6.0,66,0,9764,4755,160,2574,284,151.58,107.61,41.4,Aug,20553,16.47,0,walk_forward_1979_to_Yminus1,year_round,none,>
TX,TMAX_P85_3D__month,TMAX_P85_3D,12,TMAX,85,3,month,calendar-month bucket,254,254,0,1020572,124531,24409,122.02,476.5,398.0,562.75,129,999,4.0,6.0,66,0,9316,4684,167,1670,222,146.51,109.74,40.1,Aug,20697,16.62,0,walk_forward_1979_to_Yminus1,year_round,none,>
TX,TMAX_P85_3D__month_pm7,TMAX_P85_3D,12,TMAX,85,3,month_pm7,calendar month +/- 7 days,254,254,0,1020572,115678,22874,113.35,433.5,371.25,526.0,101,912,4.0,6.0,69,0,8955,4249,164,1593,217,140.67,99.64,41.45,Aug,19124,16.53,0,walk_forward_1979_to_Yminus1,year_round,none,>
TX,TMIN_P85_3D__w05,TMIN_P85_3D,13,TMIN,85,3,w05,centered 5-day window (+/-2 days),254,254,0,1020572,148116,30116,145.13,575.5,469.0,693.0,138,1281,4.0,6.0,50,0,11244,5533,67,3227,247,188.27,123.5,43.33,Aug,29369,19.83,0,walk_forward_1979_to_Yminus1,year_round,none,>
TX,TMIN_P85_3D__w15,TMIN_P85_3D,13,TMIN,85,3,w15,centered 15-day window (+/-7 days),254,254,0,1020572,143020,28981,140.14,556.0,449.0,675.75,118,1256,4.0,6.0,66,0,10686,5371,68,3030,301,184.36,117.96,43.94,Aug,28367,19.83,0,walk_forward_1979_to_Yminus1,year_round,none,>
TX,TMIN_P85_3D__month,TMIN_P85_3D,13,TMIN,85,3,month,calendar-month bucket,254,254,0,1020572,145237,29101,142.31,564.0,451.75,681.0,125,1241,4.0,6.0,66,0,10362,5580,76,2259,187,188.74,119.02,44.3,Aug,28877,19.88,0,walk_forward_1979_to_Yminus1,year_round,none,>
TX,TMIN_P85_3D__month_pm7,TMIN_P85_3D,13,TMIN,85,3,month_pm7,calendar month +/- 7 days,254,254,0,1020572,138124,27722,135.34,537.0,424.25,654.25,106,1135,4.0,6.0,66,0,9895,5235,82,2180,176,185.73,110.07,45.84,Aug,27322,19.78,0,walk_forward_1979_to_Yminus1,year_round,none,>
TX,TMAX_P95_3D__w05,TMAX_P95_3D,14,TMAX,95,3,w05,centered 5-day window (+/-2 days),254,254,0,1020572,43977,9625,43.09,158.5,119.0,212.0,16,424,4.0,5.0,46,0,4261,1355,27,697,129,55.96,36.64,43.37,Aug,6604,15.02,0,walk_forward_1979_to_Yminus1,year_round,none,>
TX,TMAX_P95_3D__w15,TMAX_P95_3D,14,TMAX,95,3,w15,centered 15-day window (+/-7 days),254,254,0,1020572,38876,8555,38.09,141.0,105.0,188.5,15,375,4.0,5.0,44,0,3821,1128,25,660,118,52.1,31.07,45.68,Aug,5633,14.49,0,walk_forward_1979_to_Yminus1,year_round,none,>
TX,TMAX_P95_3D__month,TMAX_P95_3D,14,TMAX,95,3,month,calendar-month bucket,254,254,0,1020572,38426,8476,37.65,138.5,101.0,187.0,9,370,4.0,5.0,46,0,3817,1002,29,353,95,50.95,30.98,45.2,Aug,5838,15.19,0,walk_forward_1979_to_Yminus1,year_round,none,>
TX,TMAX_P95_3D__month_pm7,TMAX_P95_3D,14,TMAX,95,3,month_pm7,calendar month +/- 7 days,254,254,0,1020572,32851,7276,32.19,119.5,87.0,160.75,3,319,4.0,5.0,46,0,3362,821,31,326,78,48.21,24.15,50.03,Aug,4899,14.91,0,walk_forward_1979_to_Yminus1,year_round,none,>
TX,TMIN_P95_3D__w05,TMIN_P95_3D,15,TMIN,95,3,w05,centered 5-day window (+/-2 days),254,254,0,1020572,47099,10797,46.15,172.0,122.0,235.75,19,616,4.0,5.0,48,0,4772,1118,3,974,35,66.09,36.15,47.83,Aug,9049,19.21,0,walk_forward_1979_to_Yminus1,year_round,none,>
TX,TMIN_P95_3D__w15,TMIN_P95_3D,15,TMIN,95,3,w15,centered 15-day window (+/-7 days),254,254,0,1020572,42638,9786,41.78,156.0,105.5,211.5,7,580,4.0,5.0,48,0,4352,972,4,848,29,61.04,32.12,48.8,Aug,8211,19.26,0,walk_forward_1979_to_Yminus1,year_round,none,>
TX,TMIN_P95_3D__month,TMIN_P95_3D,15,TMIN,95,3,month,calendar-month bucket,254,254,0,1020572,43309,9896,42.44,156.5,114.25,214.0,13,569,4.0,5.0,48,0,4367,1042,7,615,22,62.08,32.58,48.86,Aug,8211,18.96,0,walk_forward_1979_to_Yminus1,year_round,none,>
TX,TMIN_P95_3D__month_pm7,TMIN_P95_3D,15,TMIN,95,3,month_pm7,calendar month +/- 7 days,254,254,0,1020572,39412,8990,38.62,141.5,99.5,193.75,13,523,4.0,5.0,48,0,4010,947,8,579,18,60.35,27.72,52.19,Aug,7331,18.6,0,walk_forward_1979_to_Yminus1,year_round,none,>
TX,MHI_P90_3D__w05,MHI_P90_3D,16,MHI,90,3,w05,centered 5-day window (+/-2 days),254,254,0,1020475,82824,18369,81.16,313.0,245.25,392.75,63,709,4.0,5.0,48,0,7999,2593,8,1603,147,92.73,75.36,38.16,Dec,14452,17.45,97,walk_forward_1979_to_Yminus1,year_round,none,>
TX,MHI_P90_3D__w15,MHI_P90_3D,16,MHI,90,3,w15,centered 15-day window (+/-7 days),254,254,0,1020475,77785,17279,76.22,290.0,228.0,376.75,48,697,4.0,5.0,48,0,7521,2432,6,1476,164,89.47,69.58,39.21,Dec,13522,17.38,97,walk_forward_1979_to_Yminus1,year_round,none,>
TX,MHI_P90_3D__month,MHI_P90_3D,16,MHI,90,3,month,calendar-month bucket,254,254,0,1020475,79886,17915,78.28,301.0,234.0,378.75,54,679,4.0,5.0,48,0,7743,2340,7,879,127,89.28,72.77,38.09,Dec,13829,17.31,97,walk_forward_1979_to_Yminus1,year_round,none,>
TX,MHI_P90_3D__month_pm7,MHI_P90_3D,16,MHI,90,3,month_pm7,calendar month +/- 7 days,254,254,0,1020475,71012,16009,69.59,266.0,199.25,335.75,38,638,4.0,5.0,48,0,7069,2017,9,817,115,85.45,61.63,41.02,Aug,12125,17.07,97,walk_forward_1979_to_Yminus1,year_round,none,>
