state,axis,contrast,from_run,to_run,from_value,to_value,metric_held,window_held,heatwave_days_from_QA_pooled,heatwave_days_to_QA_pooled,count_ratio_hi_over_lo,pct_count_difference,jaccard_day_level,county_dates_shared,county_dates_disagreeing,county_rank_spearman
TX,metric,TMAX vs TMIN,TMAX_P95_3D__month_pm7,TMIN_P95_3D__month_pm7,TMAX,TMIN,,month_pm7,32851,39412,1.1997,19.97,0.1775,10891,50481,0.5185
TX,metric,TMAX vs TMIN,TMAX_P95_3D__month,TMIN_P95_3D__month,TMAX,TMIN,,month,38426,43309,1.1271,12.71,0.1794,12431,56873,0.5219
TX,metric,TMAX vs TMIN,TMAX_P95_2D__month_pm7,TMIN_P95_2D__month_pm7,TMAX,TMIN,,month_pm7,48059,56590,1.1775,17.75,0.19,16709,71231,0.4799
TX,metric,TMAX vs TMIN,TMAX_P95_3D__w15,TMIN_P95_3D__w15,TMAX,TMIN,,w15,38876,42638,1.0968,9.68,0.1913,13088,55338,0.5445
TX,metric,TMAX vs TMIN,TMAX_P95_3D__w05,TMIN_P95_3D__w05,TMAX,TMIN,,w05,43977,47099,1.071,7.1,0.1921,14679,61718,0.5544
TX,metric,TMAX vs TMIN,TMAX_P95_2D__month,TMIN_P95_2D__month,TMAX,TMIN,,month,55270,61903,1.12,12.0,0.1949,19111,78951,0.5071
TX,metric,TMAX vs TMIN,TMAX_P95_2D__w15,TMIN_P95_2D__w15,TMAX,TMIN,,w15,56576,61496,1.087,8.7,0.1974,19466,79140,0.5351
TX,metric,TMAX vs TMIN,TMAX_P95_2D__w05,TMIN_P95_2D__w05,TMAX,TMIN,,w05,62917,67525,1.0732,7.32,0.2,21741,86960,0.5191
TX,metric,TMAX vs TMIN,TMAX_P90_3D__w15,TMIN_P90_3D__w15,TMAX,TMIN,,w15,80755,91133,1.1285,12.85,0.2358,32801,106286,0.4966
TX,metric,TMAX vs TMIN,TMAX_P90_3D__month_pm7,TMIN_P90_3D__month_pm7,TMAX,TMIN,,month_pm7,72426,87272,1.205,20.5,0.237,30598,98502,0.4907
TX,metric,TMAX vs TMIN,TMAX_P90_3D__w05,TMIN_P90_3D__w05,TMAX,TMIN,,w05,85949,95876,1.1155,11.55,0.2391,35082,111661,0.482
TX,metric,TMAX vs TMIN,TMAX_P90_3D__month,TMIN_P90_3D__month,TMAX,TMIN,,month,80451,93161,1.158,15.8,0.2403,33636,106340,0.4819
TX,metric,TMAX vs TMIN,TMAX_P90_2D__w15,TMIN_P90_2D__w15,TMAX,TMIN,,w15,108359,121777,1.1238,12.38,0.2498,45999,138138,0.4567
TX,metric,TMAX vs TMIN,TMAX_P90_2D__w05,TMIN_P90_2D__w05,TMAX,TMIN,,w05,114603,127906,1.1161,11.61,0.2523,48855,144799,0.4503
TX,metric,TMAX vs TMIN,TMAX_P90_2D__month_pm7,TMIN_P90_2D__month_pm7,TMAX,TMIN,,month_pm7,97478,115028,1.18,18.0,0.2523,42810,126886,0.437
TX,metric,TMAX vs TMIN,TMAX_P90_2D__month,TMIN_P90_2D__month,TMAX,TMIN,,month,106769,122363,1.1461,14.61,0.2593,47187,134758,0.4584
TX,metric,TMAX vs TMIN,TMAX_P85_3D__w15,TMIN_P85_3D__w15,TMAX,TMIN,,w15,124812,143020,1.1459,14.59,0.2739,57580,152672,0.4351
TX,metric,TMAX vs TMIN,TMAX_P85_3D__w05,TMIN_P85_3D__w05,TMAX,TMIN,,w05,130118,148116,1.1383,13.83,0.2761,60206,157822,0.4366
TX,metric,TMAX vs TMIN,TMAX_P85_3D__month_pm7,TMIN_P85_3D__month_pm7,TMAX,TMIN,,month_pm7,115678,138124,1.194,19.4,0.2808,55643,142516,0.4372
TX,percentile,85 vs 95,MHI_P95_2D__month_pm7,MHI_P85_2D__month_pm7,95,85,MHI,month_pm7,45107,159534,3.5368,253.68,0.2827,45107,114427,0.9468
TX,percentile,85 vs 95,TMAX_P95_3D__month_pm7,TMAX_P85_3D__month_pm7,95,85,TMAX,month_pm7,32851,115678,3.5213,252.13,0.284,32851,82827,0.9003
TX,percentile,85 vs 95,TMIN_P95_3D__month_pm7,TMIN_P85_3D__month_pm7,95,85,TMIN,month_pm7,39412,138124,3.5046,250.46,0.2853,39412,98712,0.9158
TX,metric,TMAX vs TMIN,TMAX_P85_3D__month,TMIN_P85_3D__month,TMAX,TMIN,,month,124531,145237,1.1663,16.63,0.287,60163,149442,0.4312
TX,metric,MHI vs TMAX,MHI_P95_2D__month_pm7,TMAX_P95_2D__month_pm7,MHI,TMAX,,month_pm7,45107,48059,1.0654,6.54,0.2915,21029,51108,0.6747
TX,metric,TMAX vs TMIN,TMAX_P85_2D__w15,TMIN_P85_2D__w15,TMAX,TMIN,,w15,161004,181444,1.127,12.7,0.2965,78323,185802,0.406
TX,percentile,85 vs 95,TMIN_P95_3D__w15,TMIN_P85_3D__w15,95,85,TMIN,w15,42638,143020,3.3543,235.43,0.2981,42638,100382,0.9201
TX,percentile,85 vs 95,TMIN_P95_3D__month,TMIN_P85_3D__month,95,85,TMIN,month,43309,145237,3.3535,235.35,0.2982,43309,101928,0.918
TX,metric,TMAX vs TMIN,TMAX_P85_2D__w05,TMIN_P85_2D__w05,TMAX,TMIN,,w05,166682,187198,1.1231,12.31,0.2993,81515,190850,0.4123
TX,metric,TMAX vs TMIN,TMAX_P85_2D__month_pm7,TMIN_P85_2D__month_pm7,TMAX,TMIN,,month_pm7,148222,174134,1.1748,17.48,0.3008,74536,173284,0.4102
TX,metric,MHI vs TMAX,MHI_P95_2D__month,TMAX_P95_2D__month,MHI,TMAX,,month,53273,55270,1.0375,3.75,0.3048,25357,57829,0.6955
TX,metric,MHI vs TMAX,MHI_P95_2D__w15,TMAX_P95_2D__w15,MHI,TMAX,,w15,52786,56576,1.0718,7.18,0.3084,25776,57810,0.7343
TX,metric,TMAX vs TMIN,TMAX_P85_2D__month,TMIN_P85_2D__month,TMAX,TMIN,,month,158349,182251,1.1509,15.09,0.3086,80328,179944,0.4165
TX,percentile,85 vs 95,TMAX_P95_3D__month,TMAX_P85_3D__month,95,85,TMAX,month,38426,124531,3.2408,224.08,0.3086,38426,86105,0.9265
TX,percentile,85 vs 95,MHI_P95_2D__w15,MHI_P85_2D__w15,95,85,MHI,w15,52786,170894,3.2375,223.75,0.3089,52786,118108,0.9497
TX,percentile,85 vs 95,MHI_P95_2D__month,MHI_P85_2D__month,95,85,MHI,month,53273,171115,3.212,221.2,0.3113,53273,117842,0.9537
TX,percentile,85 vs 95,TMAX_P95_3D__w15,TMAX_P85_3D__w15,95,85,TMAX,w15,38876,124812,3.2105,221.05,0.3115,38876,85936,0.9362
TX,percentile,85 vs 95,TMIN_P95_3D__w05,TMIN_P85_3D__w05,95,85,TMIN,w05,47099,148116,3.1448,214.48,0.318,47099,101017,0.9249
TX,metric,MHI vs TMAX,MHI_P95_2D__w05,TMAX_P95_2D__w05,MHI,TMAX,,w05,58890,62917,1.0684,6.84,0.321,29597,62613,0.7312
TX,percentile,85 vs 95,TMAX_P95_2D__month_pm7,TMAX_P85_2D__month_pm7,95,85,TMAX,month_pm7,48059,148222,3.0842,208.42,0.3242,48059,100163,0.9197
TX,percentile,85 vs 95,TMIN_P95_2D__month_pm7,TMIN_P85_2D__month_pm7,95,85,TMIN,month_pm7,56590,174134,3.0771,207.71,0.325,56590,117544,0.933
TX,percentile,85 vs 95,MHI_P95_2D__w05,MHI_P85_2D__w05,95,85,MHI,w05,58890,177271,3.0102,201.02,0.3322,58890,118381,0.952
TX,percentile,85 vs 95,TMAX_P95_3D__w05,TMAX_P85_3D__w05,95,85,TMAX,w05,43977,130118,2.9588,195.88,0.338,43977,86141,0.9449
TX,percentile,85 vs 95,TMIN_P95_2D__w15,TMIN_P85_2D__w15,95,85,TMIN,w15,61496,181444,2.9505,195.05,0.3389,61496,119948,0.9314
TX,percentile,85 vs 95,TMIN_P95_2D__month,TMIN_P85_2D__month,95,85,TMIN,month,61903,182251,2.9441,194.41,0.3397,61903,120348,0.9365
TX,metric,MHI vs TMAX,MHI_P90_3D__month_pm7,TMAX_P90_3D__month_pm7,MHI,TMAX,,month_pm7,71012,72426,1.0199,1.99,0.345,36792,69854,0.7286
TX,percentile,85 vs 95,TMAX_P95_2D__month,TMAX_P85_2D__month,95,85,TMAX,month,55270,158349,2.865,186.5,0.349,55270,103079,0.9369
TX,metric,MHI vs TMAX,MHI_P90_3D__w15,TMAX_P90_3D__w15,MHI,TMAX,,w15,77785,80755,1.0382,3.82,0.3507,41166,76208,0.7056
TX,percentile,85 vs 95,TMAX_P95_2D__w15,TMAX_P85_2D__w15,95,85,TMAX,w15,56576,161004,2.8458,184.58,0.3514,56576,104428,0.9531
TX,metric,MHI vs TMAX,MHI_P90_3D__month,TMAX_P90_3D__month,MHI,TMAX,,month,79886,80451,1.0071,0.71,0.3582,42290,75757,0.7196
TX,metric,MHI vs TMAX,MHI_P90_3D__w05,TMAX_P90_3D__w05,MHI,TMAX,,w05,82824,85949,1.0377,3.77,0.3592,44605,79563,0.7061
TX,percentile,85 vs 95,TMIN_P95_2D__w05,TMIN_P85_2D__w05,95,85,TMIN,w05,67525,187198,2.7723,177.23,0.3607,67525,119673,0.9443
TX,percentile,85 vs 95,TMAX_P95_2D__w05,TMAX_P85_2D__w05,95,85,TMAX,w05,62917,166682,2.6492,164.92,0.3775,62917,103765,0.9503
TX,metric,MHI vs TMAX,TMAX_P90_2D__month_pm7,MHI_P90_2D__month_pm7,TMAX,MHI,,month_pm7,97478,99482,1.0206,2.06,0.383,54542,87876,0.719
TX,metric,MHI vs TMAX,TMAX_P90_2D__w15,MHI_P90_2D__w15,TMAX,MHI,,w15,108359,110243,1.0174,1.74,0.3832,60557,97488,0.7026
TX,metric,MHI vs TMAX,TMAX_P90_2D__w05,MHI_P90_2D__w05,TMAX,MHI,,w05,114603,116802,1.0192,1.92,0.391,65052,101301,0.7078
TX,metric,MHI vs TMAX,TMAX_P90_2D__month,MHI_P90_2D__month,TMAX,MHI,,month,106769,110334,1.0334,3.34,0.396,61590,93923,0.7277
TX,metric,MHI vs TMIN,MHI_P95_2D__month_pm7,TMIN_P95_2D__month_pm7,MHI,TMIN,,month_pm7,45107,56590,1.2546,25.46,0.4159,29872,41953,0.8052
TX,metric,MHI vs TMIN,MHI_P95_2D__w05,TMIN_P95_2D__w05,MHI,TMIN,,w05,58890,67525,1.1466,14.66,0.4218,37506,51403,0.8209
TX,metric,MHI vs TMIN,MHI_P95_2D__w15,TMIN_P95_2D__w15,MHI,TMIN,,w15,52786,61496,1.165,16.5,0.4232,33984,46314,0.8164
TX,metric,MHI vs TMIN,MHI_P95_2D__month,TMIN_P95_2D__month,MHI,TMIN,,month,53273,61903,1.162,16.2,0.4341,34861,45454,0.8137
TX,metric,MHI vs TMAX,TMAX_P85_2D__w15,MHI_P85_2D__w15,TMAX,MHI,,w15,161004,170894,1.0614,6.14,0.4486,102789,126320,0.7143
TX,percentile,90 vs 95,TMIN_P95_3D__month_pm7,TMIN_P90_3D__month_pm7,95,90,TMIN,month_pm7,39412,87272,2.2144,121.44,0.4516,39412,47860,0.9524
TX,percentile,90 vs 95,MHI_P95_2D__month_pm7,MHI_P90_2D__month_pm7,95,90,MHI,month_pm7,45107,99482,2.2055,120.55,0.4534,45107,54375,0.9675
TX,percentile,90 vs 95,TMAX_P95_3D__month_pm7,TMAX_P90_3D__month_pm7,95,90,TMAX,month_pm7,32851,72426,2.2047,120.47,0.4536,32851,39575,0.9413
TX,metric,MHI vs TMAX,TMAX_P85_2D__w05,MHI_P85_2D__w05,TMAX,MHI,,w05,166682,177271,1.0635,6.35,0.4549,107538,128877,0.7104
TX,metric,MHI vs TMAX,TMAX_P85_2D__month_pm7,MHI_P85_2D__month_pm7,TMAX,MHI,,month_pm7,148222,159534,1.0763,7.63,0.4554,96304,115148,0.7496
TX,metric,MHI vs TMIN,MHI_P90_3D__w05,TMIN_P90_3D__w05,MHI,TMIN,,w05,82824,95876,1.1576,15.76,0.4621,56476,65748,0.8229
TX,metric,MHI vs TMIN,MHI_P90_3D__w15,TMIN_P90_3D__w15,MHI,TMIN,,w15,77785,91133,1.1716,17.16,0.4622,53393,62132,0.8094
TX,percentile,90 vs 95,TMIN_P95_3D__month,TMIN_P90_3D__month,95,90,TMIN,month,43309,93161,2.1511,115.11,0.4649,43309,49852,0.9493
TX,metric,MHI vs TMIN,MHI_P90_3D__month_pm7,TMIN_P90_3D__month_pm7,MHI,TMIN,,month_pm7,71012,87272,1.229,22.9,0.4655,50279,57726,0.7845
TX,metric,MHI vs TMAX,TMAX_P85_2D__month,MHI_P85_2D__month,TMAX,MHI,,month,158349,171115,1.0806,8.06,0.466,104725,120014,0.747
TX,percentile,90 vs 95,TMIN_P95_3D__w15,TMIN_P90_3D__w15,95,90,TMIN,w15,42638,91133,2.1374,113.74,0.4679,42638,48495,0.9546
TX,metric,MHI vs TMIN,MHI_P90_3D__month,TMIN_P90_3D__month,MHI,TMIN,,month,79886,93161,1.1662,16.62,0.473,55565,61917,0.7912
TX,percentile,90 vs 95,TMAX_P95_3D__month,TMAX_P90_3D__month,95,90,TMAX,month,38426,80451,2.0937,109.37,0.4776,38426,42025,0.9526
TX,percentile,90 vs 95,MHI_P95_2D__w15,MHI_P90_2D__w15,95,90,MHI,w15,52786,110243,2.0885,108.85,0.4788,52786,57457,0.9715
TX,percentile,90 vs 95,TMAX_P95_3D__w15,TMAX_P90_3D__w15,95,90,TMAX,w15,38876,80755,2.0772,107.72,0.4814,38876,41879,0.9576
TX,percentile,90 vs 95,MHI_P95_2D__month,MHI_P90_2D__month,95,90,MHI,month,53273,110334,2.0711,107.11,0.4828,53273,57061,0.9759
TX,percentile,90 vs 95,TMIN_P95_3D__w05,TMIN_P90_3D__w05,95,90,TMIN,w05,47099,95876,2.0356,103.56,0.4912,47099,48777,0.9537
TX,percentile,90 vs 95,TMIN_P95_2D__month_pm7,TMIN_P90_2D__month_pm7,95,90,TMIN,month_pm7,56590,115028,2.0327,103.27,0.492,56590,58438,0.9637
TX,percentile,90 vs 95,TMAX_P95_2D__month_pm7,TMAX_P90_2D__month_pm7,95,90,TMAX,month_pm7,48059,97478,2.0283,102.83,0.493,48059,49419,0.9586
TX,metric,MHI vs TMIN,MHI_P90_2D__month_pm7,TMIN_P90_2D__month_pm7,MHI,TMIN,,month_pm7,99482,115028,1.1563,15.63,0.4995,71457,71596,0.7824
TX,metric,MHI vs TMIN,MHI_P90_2D__w15,TMIN_P90_2D__w15,MHI,TMIN,,w15,110243,121777,1.1046,10.46,0.4998,77320,77380,0.8034
TX,metric,MHI vs TMIN,MHI_P90_2D__w05,TMIN_P90_2D__w05,MHI,TMIN,,w05,116802,127906,1.0951,9.51,0.5009,81662,81384,0.8136
TX,percentile,90 vs 95,MHI_P95_2D__w05,MHI_P90_2D__w05,95,90,MHI,w05,58890,116802,1.9834,98.34,0.5042,58890,57912,0.976
TX,percentile,90 vs 95,TMIN_P95_2D__w15,TMIN_P90_2D__w15,95,90,TMIN,w15,61496,121777,1.9802,98.02,0.505,61496,60281,0.9641
TX,percentile,90 vs 95,TMIN_P95_2D__month,TMIN_P90_2D__month,95,90,TMIN,month,61903,122363,1.9767,97.67,0.5059,61903,60460,0.9644
TX,metric,MHI vs TMIN,MHI_P90_2D__month,TMIN_P90_2D__month,MHI,TMIN,,month,110334,122363,1.109,10.9,0.5096,78551,75595,0.8002
TX,percentile,90 vs 95,TMAX_P95_3D__w05,TMAX_P90_3D__w05,95,90,TMAX,w05,43977,85949,1.9544,95.44,0.5117,43977,41972,0.9668
TX,percentile,90 vs 95,TMAX_P95_2D__month,TMAX_P90_2D__month,95,90,TMAX,month,55270,106769,1.9318,93.18,0.5177,55270,51499,0.9655
TX,percentile,90 vs 95,TMAX_P95_2D__w15,TMAX_P90_2D__w15,95,90,TMAX,w15,56576,108359,1.9153,91.53,0.5221,56576,51783,0.9744
TX,percentile,90 vs 95,TMIN_P95_2D__w05,TMIN_P90_2D__w05,95,90,TMIN,w05,67525,127906,1.8942,89.42,0.5279,67525,60381,0.9691
TX,window,month_pm7 vs w05,MHI_P95_2D__month_pm7,MHI_P95_2D__w05,month_pm7,w05,MHI,,45107,58890,1.3056,30.56,0.5409,36508,30981,0.9645
TX,window,month_pm7 vs w05,TMAX_P95_3D__month_pm7,TMAX_P95_3D__w05,month_pm7,w05,TMAX,,32851,43977,1.3387,33.87,0.5468,27158,22512,0.9539
TX,percentile,90 vs 95,TMAX_P95_2D__w05,TMAX_P90_2D__w05,95,90,TMAX,w05,62917,114603,1.8215,82.15,0.549,62917,51686,0.9767
TX,metric,MHI vs TMIN,MHI_P85_2D__month_pm7,TMIN_P85_2D__month_pm7,MHI,TMIN,,month_pm7,159534,174134,1.0915,9.15,0.5544,119013,95642,0.7915
TX,metric,MHI vs TMIN,MHI_P85_2D__w15,TMIN_P85_2D__w15,MHI,TMIN,,w15,170894,181444,1.0617,6.17,0.5547,125707,100924,0.8121
TX,metric,MHI vs TMIN,MHI_P85_2D__w05,TMIN_P85_2D__w05,MHI,TMIN,,w05,177271,187198,1.056,5.6,0.5548,130051,104367,0.8216
TX,metric,MHI vs TMIN,MHI_P85_2D__month,TMIN_P85_2D__month,MHI,TMIN,,month,171115,182251,1.0651,6.51,0.5605,126918,99530,0.8014
TX,window,month vs w05,MHI_P95_2D__month,MHI_P95_2D__w05,month,w05,MHI,,53273,58890,1.1054,10.54,0.5644,40468,31227,0.9792
TX,window,month_pm7 vs w05,MHI_P90_3D__month_pm7,MHI_P90_3D__w05,month_pm7,w05,MHI,,71012,82824,1.1663,16.63,0.5725,56007,41822,0.9748
TX,window,month vs w05,TMAX_P95_3D__month,TMAX_P95_3D__w05,month,w05,TMAX,,38426,43977,1.1445,14.45,0.5733,30026,22351,0.969
TX,window,month_pm7 vs w05,TMIN_P95_3D__month_pm7,TMIN_P95_3D__w05,month_pm7,w05,TMIN,,39412,47099,1.195,19.5,0.5806,31779,22953,0.9688
TX,window,month_pm7 vs w05,TMAX_P95_2D__month_pm7,TMAX_P95_2D__w05,month_pm7,w05,TMAX,,48059,62917,1.3092,30.92,0.5807,40770,29436,0.9645
TX,window,month vs w05,MHI_P90_3D__month,MHI_P90_3D__w05,month,w05,MHI,,79886,82824,1.0368,3.68,0.5846,60031,42648,0.982
TX,window,month_pm7 vs w15,MHI_P95_2D__month_pm7,MHI_P95_2D__w15,month_pm7,w15,MHI,,45107,52786,1.1702,17.02,0.5879,36244,25405,0.9721
TX,window,month vs w05,TMIN_P95_3D__month,TMIN_P95_3D__w05,month,w05,TMIN,,43309,47099,1.0875,8.75,0.5943,33701,23006,0.9714
TX,window,month vs w15,MHI_P95_2D__w15,MHI_P95_2D__month,w15,month,MHI,,52786,53273,1.0092,0.92,0.5968,39639,26781,0.9829
TX,window,month_pm7 vs w15,MHI_P90_3D__month_pm7,MHI_P90_3D__w15,month_pm7,w15,MHI,,71012,77785,1.0954,9.54,0.6002,55810,37177,0.979
TX,window,month_pm7 vs w05,MHI_P90_2D__month_pm7,MHI_P90_2D__w05,month_pm7,w05,MHI,,99482,116802,1.1741,17.41,0.6021,81286,53712,0.9769
TX,window,month_pm7 vs w15,TMAX_P95_3D__month_pm7,TMAX_P95_3D__w15,month_pm7,w15,TMAX,,32851,38876,1.1834,18.34,0.6024,26964,17799,0.9662
TX,window,month vs w05,TMAX_P95_2D__month,TMAX_P95_2D__w05,month,w05,TMAX,,55270,62917,1.1384,13.84,0.6033,44474,29239,0.9787
TX,window,month vs w15,MHI_P90_3D__w15,MHI_P90_3D__month,w15,month,MHI,,77785,79886,1.027,2.7,0.6047,59415,38841,0.984
TX,window,month_pm7 vs w05,TMIN_P95_2D__month_pm7,TMIN_P95_2D__w05,month_pm7,w05,TMIN,,56590,67525,1.1932,19.32,0.6095,47001,30113,0.9794
TX,window,month vs w15,TMAX_P95_3D__month,TMAX_P95_3D__w15,month,w15,TMAX,,38426,38876,1.0117,1.17,0.6143,29417,18468,0.9735
TX,window,month_pm7 vs w05,TMAX_P90_3D__month_pm7,TMAX_P90_3D__w05,month_pm7,w05,TMAX,,72426,85949,1.1867,18.67,0.6166,60406,37563,0.9716
TX,window,month vs w05,MHI_P90_2D__month,MHI_P90_2D__w05,month,w05,MHI,,110334,116802,1.0586,5.86,0.6181,86761,53614,0.9869
TX,percentile,85 vs 90,MHI_P90_2D__month_pm7,MHI_P85_2D__month_pm7,90,85,MHI,month_pm7,99482,159534,1.6036,60.36,0.6236,99482,60052,0.9835
TX,window,month vs w05,TMIN_P95_2D__month,TMIN_P95_2D__w05,month,w05,TMIN,,61903,67525,1.0908,9.08,0.6248,49769,29890,0.9872
TX,percentile,85 vs 90,TMAX_P90_3D__month_pm7,TMAX_P85_3D__month_pm7,90,85,TMAX,month_pm7,72426,115678,1.5972,59.72,0.6261,72426,43252,0.9662
TX,window,month vs w05,TMAX_P90_3D__month,TMAX_P90_3D__w05,month,w05,TMAX,,80451,85949,1.0683,6.83,0.6296,64292,37816,0.9793
TX,window,month_pm7 vs w15,TMAX_P95_2D__month_pm7,TMAX_P95_2D__w15,month_pm7,w15,TMAX,,48059,56576,1.1772,17.72,0.6308,40475,23685,0.9671
TX,window,month_pm7 vs w15,MHI_P90_2D__month_pm7,MHI_P90_2D__w15,month_pm7,w15,MHI,,99482,110243,1.1082,10.82,0.6315,81176,47373,0.9786
TX,percentile,85 vs 90,TMIN_P90_3D__month_pm7,TMIN_P85_3D__month_pm7,90,85,TMIN,month_pm7,87272,138124,1.5827,58.27,0.6318,87272,50852,0.9736
TX,percentile,85 vs 90,TMIN_P90_3D__w15,TMIN_P85_3D__w15,90,85,TMIN,w15,91133,143020,1.5694,56.94,0.6372,91133,51887,0.9766
TX,window,month_pm7 vs w15,TMIN_P95_3D__month_pm7,TMIN_P95_3D__w15,month_pm7,w15,TMIN,,39412,42638,1.0819,8.19,0.6383,31967,18116,0.9714
TX,window,month vs w15,TMAX_P95_2D__month,TMAX_P95_2D__w15,month,w15,TMAX,,55270,56576,1.0236,2.36,0.6395,43625,24596,0.9798
TX,window,month vs w15,MHI_P90_2D__w15,MHI_P90_2D__month,w15,month,MHI,,110243,110334,1.0008,0.08,0.6409,86150,48277,0.9869
TX,percentile,85 vs 90,TMIN_P90_3D__month,TMIN_P85_3D__month,90,85,TMIN,month,93161,145237,1.559,55.9,0.6414,93161,52076,0.9739
TX,window,month vs w15,TMIN_P95_3D__w15,TMIN_P95_3D__month,w15,month,TMIN,,42638,43309,1.0157,1.57,0.6439,33666,18615,0.9753
TX,percentile,85 vs 90,MHI_P90_2D__month,MHI_P85_2D__month,90,85,MHI,month,110334,171115,1.5509,55.09,0.6448,110334,60781,0.9827
TX,percentile,85 vs 90,MHI_P90_2D__w15,MHI_P85_2D__w15,90,85,MHI,w15,110243,170894,1.5502,55.02,0.6451,110243,60651,0.9835
TX,window,month_pm7 vs w05,TMAX_P90_2D__month_pm7,TMAX_P90_2D__w05,month_pm7,w05,TMAX,,97478,114603,1.1757,17.57,0.6455,83192,45697,0.9781
TX,percentile,85 vs 90,TMAX_P90_3D__month,TMAX_P85_3D__month,90,85,TMAX,month,80451,124531,1.5479,54.79,0.646,80451,44080,0.9686
TX,percentile,85 vs 90,TMAX_P90_3D__w15,TMAX_P85_3D__w15,90,85,TMAX,w15,80755,124812,1.5456,54.56,0.647,80755,44057,0.9792
TX,percentile,85 vs 90,TMIN_P90_3D__w05,TMIN_P85_3D__w05,90,85,TMIN,w05,95876,148116,1.5449,54.49,0.6473,95876,52240,0.9808
TX,window,month_pm7 vs w15,TMAX_P90_3D__month_pm7,TMAX_P90_3D__w15,month_pm7,w15,TMAX,,72426,80755,1.115,11.5,0.6484,60252,32677,0.9752
TX,window,month_pm7 vs w05,TMAX_P85_3D__month_pm7,TMAX_P85_3D__w05,month_pm7,w05,TMAX,,115678,130118,1.1248,12.48,0.6524,97042,51712,0.9758
TX,window,month vs w15,TMAX_P90_3D__month,TMAX_P90_3D__w15,month,w15,TMAX,,80451,80755,1.0038,0.38,0.6528,63670,33866,0.9815
TX,window,month_pm7 vs w05,MHI_P85_2D__month_pm7,MHI_P85_2D__w05,month_pm7,w05,MHI,,159534,177271,1.1112,11.12,0.6535,133117,70571,0.9828
TX,percentile,85 vs 90,TMAX_P90_2D__month_pm7,TMAX_P85_2D__month_pm7,90,85,TMAX,month_pm7,97478,148222,1.5206,52.06,0.6576,97478,50744,0.9755
TX,percentile,85 vs 90,MHI_P90_2D__w05,MHI_P85_2D__w05,90,85,MHI,w05,116802,177271,1.5177,51.77,0.6589,116802,60469,0.9848
TX,window,month vs w05,TMAX_P90_2D__month,TMAX_P90_2D__w05,month,w05,TMAX,,106769,114603,1.0734,7.34,0.6597,87989,45394,0.9873
TX,percentile,85 vs 90,TMAX_P90_3D__w05,TMAX_P85_3D__w05,90,85,TMAX,w05,85949,130118,1.5139,51.39,0.6605,85949,44169,0.9774
TX,window,month_pm7 vs w05,TMIN_P90_3D__month_pm7,TMIN_P90_3D__w05,month_pm7,w05,TMIN,,87272,95876,1.0986,9.86,0.6605,72849,37450,0.9757
TX,percentile,85 vs 90,TMIN_P90_2D__month_pm7,TMIN_P85_2D__month_pm7,90,85,TMIN,month_pm7,115028,174134,1.5138,51.38,0.6606,115028,59106,0.9802
TX,window,month vs w05,TMAX_P85_3D__month,TMAX_P85_3D__w05,month,w05,TMAX,,124531,130118,1.0449,4.49,0.6634,101562,51525,0.9833
TX,window,month_pm7 vs w15,TMIN_P95_2D__month_pm7,TMIN_P95_2D__w15,month_pm7,w15,TMIN,,56590,61496,1.0867,8.67,0.6652,47172,23742,0.9823
TX,window,month vs w05,TMIN_P90_3D__month,TMIN_P90_3D__w05,month,w05,TMIN,,93161,95876,1.0291,2.91,0.6678,75690,37657,0.9829
TX,window,month vs w05,MHI_P85_2D__month,MHI_P85_2D__w05,month,w05,MHI,,171115,177271,1.036,3.6,0.6703,139804,68778,0.9894
TX,percentile,85 vs 90,TMIN_P90_2D__w15,TMIN_P85_2D__w15,90,85,TMIN,w15,121777,181444,1.49,49.0,0.6712,121777,59667,0.9849
TX,percentile,85 vs 90,TMIN_P90_2D__month,TMIN_P85_2D__month,90,85,TMIN,month,122363,182251,1.4894,48.94,0.6714,122363,59888,0.9812
TX,window,month_pm7 vs w15,MHI_P85_2D__month_pm7,MHI_P85_2D__w15,month_pm7,w15,MHI,,159534,170894,1.0712,7.12,0.6725,132866,64696,0.986
TX,window,month vs w15,TMIN_P95_2D__w15,TMIN_P95_2D__month,w15,month,TMIN,,61496,61903,1.0066,0.66,0.6729,49635,24129,0.9894
TX,percentile,85 vs 90,TMAX_P90_2D__w15,TMAX_P85_2D__w15,90,85,TMAX,w15,108359,161004,1.4858,48.58,0.673,108359,52645,0.9847
TX,window,month_pm7 vs w15,TMAX_P85_3D__month_pm7,TMAX_P85_3D__w15,month_pm7,w15,TMAX,,115678,124812,1.079,7.9,0.6731,96749,46992,0.9788
TX,percentile,85 vs 90,TMAX_P90_2D__month,TMAX_P85_2D__month,90,85,TMAX,month,106769,158349,1.4831,48.31,0.6743,106769,51580,0.9766
TX,window,month_pm7 vs w15,TMAX_P90_2D__month_pm7,TMAX_P90_2D__w15,month_pm7,w15,TMAX,,97478,108359,1.1116,11.16,0.6747,82929,39979,0.9807
TX,window,month_pm7 vs w05,TMAX_P85_2D__month_pm7,TMAX_P85_2D__w05,month_pm7,w05,TMAX,,148222,166682,1.1245,12.45,0.6786,127303,60298,0.9819
TX,window,month vs w15,TMAX_P85_3D__month,TMAX_P85_3D__w15,month,w15,TMAX,,124531,124812,1.0023,0.23,0.6794,100868,47607,0.9848
TX,window,month vs w15,TMAX_P90_2D__month,TMAX_P90_2D__w15,month,w15,TMAX,,106769,108359,1.0149,1.49,0.6818,87209,40710,0.9866
TX,window,month_pm7 vs w05,TMIN_P90_2D__month_pm7,TMIN_P90_2D__w05,month_pm7,w05,TMIN,,115028,127906,1.112,11.2,0.6821,98511,45912,0.9789
TX,percentile,85 vs 90,TMIN_P90_2D__w05,TMIN_P85_2D__w05,90,85,TMIN,w05,127906,187198,1.4636,46.36,0.6833,127906,59292,0.9871
TX,duration,2 vs 3,TMAX_P95_3D__month_pm7,TMAX_P95_2D__month_pm7,3,2,TMAX,month_pm7,32851,48059,1.4629,46.29,0.6836,32851,15208,0.9567
TX,window,month vs w15,MHI_P85_2D__w15,MHI_P85_2D__month,w15,month,MHI,,170894,171115,1.0013,0.13,0.6845,138981,64047,0.991
TX,duration,2 vs 3,TMAX_P95_3D__w15,TMAX_P95_2D__w15,3,2,TMAX,w15,38876,56576,1.4553,45.53,0.6871,38876,17700,0.9638
TX,percentile,85 vs 90,TMAX_P90_2D__w05,TMAX_P85_2D__w05,90,85,TMAX,w05,114603,166682,1.4544,45.44,0.6876,114603,52079,0.9823
TX,window,month vs w05,TMIN_P90_2D__month,TMIN_P90_2D__w05,month,w05,TMIN,,122363,127906,1.0453,4.53,0.6904,102218,45833,0.9898
TX,window,month vs w05,TMAX_P85_2D__month,TMAX_P85_2D__w05,month,w05,TMAX,,158349,166682,1.0526,5.26,0.691,132820,59391,0.9871
TX,duration,2 vs 3,TMIN_P95_3D__w15,TMIN_P95_2D__w15,3,2,TMIN,w15,42638,61496,1.4423,44.23,0.6933,42638,18858,0.9817
TX,window,month_pm7 vs w15,TMIN_P90_3D__month_pm7,TMIN_P90_3D__w15,month_pm7,w15,TMIN,,87272,91133,1.0442,4.42,0.6942,73100,32205,0.9795
TX,duration,2 vs 3,TMAX_P95_3D__month,TMAX_P95_2D__month,3,2,TMAX,month,38426,55270,1.4383,43.83,0.6952,38426,16844,0.9635
TX,duration,2 vs 3,TMIN_P95_3D__month_pm7,TMIN_P95_2D__month_pm7,3,2,TMIN,month_pm7,39412,56590,1.4359,43.59,0.6964,39412,17178,0.9837
TX,duration,2 vs 3,TMIN_P95_3D__w05,TMIN_P95_2D__w05,3,2,TMIN,w05,47099,67525,1.4337,43.37,0.6975,47099,20426,0.9813
TX,window,month_pm7 vs w05,TMIN_P85_3D__month_pm7,TMIN_P85_3D__w05,month_pm7,w05,TMIN,,138124,148116,1.0723,7.23,0.6978,117645,50950,0.9824
TX,window,month vs w15,TMIN_P90_3D__w15,TMIN_P90_3D__month,w15,month,TMIN,,91133,93161,1.0223,2.23,0.6989,75817,32660,0.9824
TX,duration,2 vs 3,TMAX_P95_3D__w05,TMAX_P95_2D__w05,3,2,TMAX,w05,43977,62917,1.4307,43.07,0.699,43977,18940,0.9637
TX,window,month_pm7 vs w15,TMAX_P85_2D__month_pm7,TMAX_P85_2D__w15,month_pm7,w15,TMAX,,148222,161004,1.0862,8.62,0.6991,127233,54760,0.9852
TX,duration,2 vs 3,TMIN_P95_3D__month,TMIN_P95_2D__month,3,2,TMIN,month,43309,61903,1.4293,42.93,0.6996,43309,18594,0.9833
TX,window,month vs w05,TMIN_P85_3D__month,TMIN_P85_3D__w05,month,w05,TMIN,,145237,148116,1.0198,1.98,0.7035,121149,51055,0.9895
TX,duration,2 vs 3,MHI_P90_3D__w15,MHI_P90_2D__w15,3,2,MHI,w15,77785,110243,1.4173,41.73,0.7056,77785,32458,0.9791
TX,window,month vs w15,TMAX_P85_2D__month,TMAX_P85_2D__w15,month,w15,TMAX,,158349,161004,1.0168,1.68,0.7073,132298,54757,0.9877
TX,duration,2 vs 3,MHI_P90_3D__w05,MHI_P90_2D__w05,3,2,MHI,w05,82824,116802,1.4102,41.02,0.7091,82824,33978,0.9818
TX,duration,2 vs 3,MHI_P90_3D__month_pm7,MHI_P90_2D__month_pm7,3,2,MHI,month_pm7,71012,99482,1.4009,40.09,0.7138,71012,28470,0.9828
TX,window,month_pm7 vs w15,TMIN_P90_2D__month_pm7,TMIN_P90_2D__w15,month_pm7,w15,TMIN,,115028,121777,1.0587,5.87,0.7171,98893,39019,0.9823
TX,window,month_pm7 vs w05,TMIN_P85_2D__month_pm7,TMIN_P85_2D__w05,month_pm7,w05,TMIN,,174134,187198,1.075,7.5,0.7209,151365,58602,0.9812
TX,window,month vs w15,TMIN_P90_2D__w15,TMIN_P90_2D__month,w15,month,TMIN,,121777,122363,1.0048,0.48,0.7223,102387,39366,0.9898
TX,duration,2 vs 3,MHI_P90_3D__month,MHI_P90_2D__month,3,2,MHI,month,79886,110334,1.3811,38.11,0.724,79886,30448,0.9846
TX,window,month_pm7 vs w15,TMIN_P85_3D__month_pm7,TMIN_P85_3D__w15,month_pm7,w15,TMIN,,138124,143020,1.0354,3.54,0.7253,118193,44758,0.9826
TX,window,month vs w05,TMIN_P85_2D__month,TMIN_P85_2D__w05,month,w05,TMIN,,182251,187198,1.0271,2.71,0.7269,155517,58415,0.9915
TX,window,month vs w15,TMIN_P85_3D__w15,TMIN_P85_3D__month,w15,month,TMIN,,143020,145237,1.0155,1.55,0.7283,121471,45315,0.9882
TX,duration,2 vs 3,TMAX_P90_3D__month_pm7,TMAX_P90_2D__month_pm7,3,2,TMAX,month_pm7,72426,97478,1.3459,34.59,0.743,72426,25052,0.9565
TX,duration,2 vs 3,TMAX_P90_3D__w15,TMAX_P90_2D__w15,3,2,TMAX,w15,80755,108359,1.3418,34.18,0.7453,80755,27604,0.9584
TX,window,month_pm7 vs w15,TMIN_P85_2D__month_pm7,TMIN_P85_2D__w15,month_pm7,w15,TMIN,,174134,181444,1.042,4.2,0.7471,152057,51464,0.9844
TX,duration,2 vs 3,TMIN_P90_3D__w15,TMIN_P90_2D__w15,3,2,TMIN,w15,91133,121777,1.3363,33.63,0.7484,91133,30644,0.9873
TX,duration,2 vs 3,TMIN_P90_3D__w05,TMIN_P90_2D__w05,3,2,TMIN,w05,95876,127906,1.3341,33.41,0.7496,95876,32030,0.9883
TX,duration,2 vs 3,TMAX_P90_3D__w05,TMAX_P90_2D__w05,3,2,TMAX,w05,85949,114603,1.3334,33.34,0.75,85949,28654,0.9592
TX,window,month vs w15,TMIN_P85_2D__w15,TMIN_P85_2D__month,w15,month,TMIN,,181444,182251,1.0044,0.44,0.7513,156021,51653,0.9927
TX,duration,2 vs 3,TMAX_P90_3D__month,TMAX_P90_2D__month,3,2,TMAX,month,80451,106769,1.3271,32.71,0.7535,80451,26318,0.9622
TX,duration,2 vs 3,TMIN_P90_3D__month_pm7,TMIN_P90_2D__month_pm7,3,2,TMIN,month_pm7,87272,115028,1.318,31.8,0.7587,87272,27756,0.989
TX,duration,2 vs 3,TMIN_P90_3D__month,TMIN_P90_2D__month,3,2,TMIN,month,93161,122363,1.3135,31.35,0.7613,93161,29202,0.9873
TX,duration,2 vs 3,TMAX_P85_3D__w15,TMAX_P85_2D__w15,3,2,TMAX,w15,124812,161004,1.29,29.0,0.7752,124812,36192,0.9645
TX,window,w05 vs w15,TMIN_P95_3D__w15,TMIN_P95_3D__w05,w15,w05,TMIN,,42638,47099,1.1046,10.46,0.7791,39297,11143,0.9864
TX,duration,2 vs 3,TMAX_P85_3D__month_pm7,TMAX_P85_2D__month_pm7,3,2,TMAX,month_pm7,115678,148222,1.2813,28.13,0.7804,115678,32544,0.967
TX,duration,2 vs 3,TMAX_P85_3D__w05,TMAX_P85_2D__w05,3,2,TMAX,w05,130118,166682,1.281,28.1,0.7806,130118,36564,0.9659
TX,window,w05 vs w15,TMAX_P95_3D__w15,TMAX_P95_3D__w05,w15,w05,TMAX,,38876,43977,1.1312,13.12,0.7819,36357,10139,0.9857
TX,duration,2 vs 3,TMAX_P85_3D__month,TMAX_P85_2D__month,3,2,TMAX,month,124531,158349,1.2716,27.16,0.7864,124531,33818,0.9684
TX,duration,2 vs 3,TMIN_P85_3D__w15,TMIN_P85_2D__w15,3,2,TMIN,w15,143020,181444,1.2687,26.87,0.7882,143020,38424,0.9912
TX,window,w05 vs w15,MHI_P95_2D__w15,MHI_P95_2D__w05,w15,w05,MHI,,52786,58890,1.1156,11.56,0.7883,49227,13222,0.9901
TX,duration,2 vs 3,TMIN_P85_3D__w05,TMIN_P85_2D__w05,3,2,TMIN,w05,148116,187198,1.2639,26.39,0.7912,148116,39082,0.9901
TX,duration,2 vs 3,TMIN_P85_3D__month_pm7,TMIN_P85_2D__month_pm7,3,2,TMIN,month_pm7,138124,174134,1.2607,26.07,0.7932,138124,36010,0.9879
TX,window,w05 vs w15,TMIN_P95_2D__w15,TMIN_P95_2D__w05,w15,w05,TMIN,,61496,67525,1.098,9.8,0.7944,57120,14781,0.9913
TX,duration,2 vs 3,TMIN_P85_3D__month,TMIN_P85_2D__month,3,2,TMIN,month,145237,182251,1.2549,25.49,0.7969,145237,37014,0.9889
TX,window,w05 vs w15,TMAX_P95_2D__w15,TMAX_P95_2D__w05,w15,w05,TMAX,,56576,62917,1.1121,11.21,0.8011,53147,13199,0.9903
TX,window,month vs month_pm7,MHI_P95_2D__month_pm7,MHI_P95_2D__month,month_pm7,month,MHI,,45107,53273,1.181,18.1,0.8121,44090,10200,0.9856
TX,window,month vs month_pm7,TMAX_P95_3D__month_pm7,TMAX_P95_3D__month,month_pm7,month,TMAX,,32851,38426,1.1697,16.97,0.8293,32312,6653,0.9799
TX,window,w05 vs w15,MHI_P90_3D__w15,MHI_P90_3D__w05,w15,w05,MHI,,77785,82824,1.0648,6.48,0.8348,73072,14465,0.9929
TX,window,w05 vs w15,TMIN_P90_3D__w15,TMIN_P90_3D__w05,w15,w05,TMIN,,91133,95876,1.052,5.2,0.8427,85524,15961,0.9916
TX,window,month vs month_pm7,TMAX_P95_2D__month_pm7,TMAX_P95_2D__month,month_pm7,month,TMAX,,48059,55270,1.15,15.0,0.8463,47364,8601,0.9843
TX,window,w05 vs w15,MHI_P90_2D__w15,MHI_P90_2D__w05,w15,w05,MHI,,110243,116802,1.0595,5.95,0.8496,104292,18461,0.9959
TX,window,month vs month_pm7,MHI_P90_3D__month_pm7,MHI_P90_3D__month,month_pm7,month,MHI,,71012,79886,1.125,12.5,0.851,69375,12148,0.9895
TX,window,w05 vs w15,TMAX_P90_3D__w15,TMAX_P90_3D__w05,w15,w05,TMAX,,80755,85949,1.0643,6.43,0.8518,76680,13344,0.9926
TX,window,w05 vs w15,TMIN_P90_2D__w15,TMIN_P90_2D__w05,w15,w05,TMIN,,121777,127906,1.0503,5.03,0.8576,115274,19135,0.9958
TX,window,w05 vs w15,TMAX_P90_2D__w15,TMAX_P90_2D__w05,w15,w05,TMAX,,108359,114603,1.0576,5.76,0.8637,103331,16300,0.9938
TX,window,month vs month_pm7,TMIN_P95_3D__month_pm7,TMIN_P95_3D__month,month_pm7,month,TMIN,,39412,43309,1.0989,9.89,0.8662,38395,5931,0.9856
TX,window,month vs month_pm7,MHI_P90_2D__month_pm7,MHI_P90_2D__month,month_pm7,month,MHI,,99482,110334,1.1091,10.91,0.8712,97685,14446,0.9931
TX,window,w05 vs w15,TMIN_P85_3D__w15,TMIN_P85_3D__w05,w15,w05,TMIN,,143020,148116,1.0356,3.56,0.873,135700,19736,0.9949
TX,window,w05 vs w15,TMAX_P85_3D__w15,TMAX_P85_3D__w05,w15,w05,TMAX,,124812,130118,1.0425,4.25,0.8776,119153,16624,0.9937
TX,window,month vs month_pm7,TMAX_P90_3D__month_pm7,TMAX_P90_3D__month,month_pm7,month,TMAX,,72426,80451,1.1108,11.08,0.8783,71487,9903,0.9866
TX,window,w05 vs w15,MHI_P85_2D__w15,MHI_P85_2D__w05,w15,w05,MHI,,170894,177271,1.0373,3.73,0.8788,162857,22451,0.9961
TX,window,month vs month_pm7,TMIN_P95_2D__month_pm7,TMIN_P95_2D__month,month_pm7,month,TMIN,,56590,61903,1.0939,9.39,0.8798,55459,7575,0.9895
TX,window,w05 vs w15,TMIN_P85_2D__w15,TMIN_P85_2D__w05,w15,w05,TMIN,,181444,187198,1.0317,3.17,0.8849,173063,22516,0.9961
TX,window,w05 vs w15,TMAX_P85_2D__w15,TMAX_P85_2D__w05,w15,w05,TMAX,,161004,166682,1.0353,3.53,0.8884,154159,19368,0.9955
TX,window,month vs month_pm7,TMAX_P90_2D__month_pm7,TMAX_P90_2D__month,month_pm7,month,TMAX,,97478,106769,1.0953,9.53,0.8931,96355,11537,0.9883
TX,window,month vs month_pm7,TMIN_P90_3D__month_pm7,TMIN_P90_3D__month,month_pm7,month,TMIN,,87272,93161,1.0675,6.75,0.9041,85673,9087,0.9866
TX,window,month vs month_pm7,MHI_P85_2D__month_pm7,MHI_P85_2D__month,month_pm7,month,MHI,,159534,171115,1.0726,7.26,0.9042,157007,16635,0.9915
TX,window,month vs month_pm7,TMAX_P85_3D__month_pm7,TMAX_P85_3D__month,month_pm7,month,TMAX,,115678,124531,1.0765,7.65,0.9071,114251,11707,0.9918
TX,window,month vs month_pm7,TMIN_P90_2D__month_pm7,TMIN_P90_2D__month,month_pm7,month,TMIN,,115028,122363,1.0638,6.38,0.9135,113331,10729,0.9891
TX,window,month vs month_pm7,TMAX_P85_2D__month_pm7,TMAX_P85_2D__month,month_pm7,month,TMAX,,148222,158349,1.0683,6.83,0.9167,146626,13319,0.9918
TX,window,month vs month_pm7,TMIN_P85_3D__month_pm7,TMIN_P85_3D__month,month_pm7,month,TMIN,,138124,145237,1.0515,5.15,0.9254,136192,10977,0.9892
TX,window,month vs month_pm7,TMIN_P85_2D__month_pm7,TMIN_P85_2D__month,month_pm7,month,TMIN,,174134,182251,1.0466,4.66,0.9333,172040,12305,0.9884
