state,def_number,definition_id,metric,metric_label,percentile,minimum_duration_days,window,window_label,reference_method,comparison_op,season_rule,absolute_floor,status,threshold_degF_median,threshold_degF_p5,threshold_degF_p95,threshold_degF_median_jun_sep,threshold_degF_median_dec_feb,threshold_degF_summer_minus_winter,baseline_obs_per_threshold_median,threshold_rows_low_n_ref,threshold_rows_total,heatwave_days_QA_pooled_2015_2025,heatwave_events_QA_pooled_2015_2025,per_county_days_median,per_county_days_q25,per_county_days_q75,per_county_days_min,per_county_days_max,event_duration_days_median,event_duration_days_max,events_at_or_over_review_length,pct_heatwave_days_in_jun_sep,rate_jun_sep_per_1000_eligible,rate_oct_may_per_1000_eligible,peak_month_by_rate,pct_heatwave_days_imputed,counties_with_any_heatwave_day
TX,1,MHI_P85_2D,MHI,daily-mean heat index,85,2,w05,centered 5-day window (+/-2 days),walk_forward_1979_to_Yminus1,>,year_round,none,tested,73.6,49.9,95.2,89.7,55.9,33.8,205.0,0.0,1022604.0,177271.0,49881.0,699.0,586.0,801.0,167.0,1243.0,3.0,48.0,23.0,36.3,188.79,166.15,Dec,17.29,254.0
TX,1,MHI_P85_2D,MHI,daily-mean heat index,85,2,w15,centered 15-day window (+/-7 days),walk_forward_1979_to_Yminus1,>,year_round,none,tested,73.8,50.2,95.2,89.8,56.0,33.8,615.0,0.0,1022604.0,170894.0,48323.0,677.0,567.0,775.0,154.0,1230.0,3.0,48.0,28.0,36.85,184.73,158.81,Dec,17.09,254.0
TX,1,MHI_P85_2D,MHI,daily-mean heat index,85,2,month,calendar-month bucket,walk_forward_1979_to_Yminus1,>,year_round,none,tested,73.9,50.6,95.1,89.6,56.4,33.3,1240.0,0.0,33528.0,171115.0,47470.0,677.0,564.0,771.0,144.0,1233.0,3.0,48.0,23.0,36.58,183.65,159.67,Aug,17.13,254.0
TX,1,MHI_P85_2D,MHI,daily-mean heat index,85,2,month_pm7,calendar month +/- 7 days,walk_forward_1979_to_Yminus1,>,year_round,none,tested,74.4,51.0,94.9,89.9,56.6,33.2,1809.0,0.0,33528.0,159534.0,44973.0,629.0,516.0,716.0,130.0,1181.0,3.0,48.0,29.0,38.02,177.95,145.49,Aug,16.89,254.0
TX,9,MHI_P90_2D,MHI,daily-mean heat index,90,2,w05,centered 5-day window (+/-2 days),walk_forward_1979_to_Yminus1,>,year_round,none,tested,75.0,52.0,96.4,90.9,58.4,32.5,205.0,0.0,1022604.0,116802.0,35358.0,448.0,369.0,537.0,82.0,930.0,3.0,48.0,8.0,35.97,123.27,110.04,Dec,16.81,254.0
TX,9,MHI_P90_2D,MHI,daily-mean heat index,90,2,w15,centered 15-day window (+/-7 days),walk_forward_1979_to_Yminus1,>,year_round,none,tested,75.2,52.4,96.4,91.0,58.5,32.5,615.0,0.0,1022604.0,110243.0,33508.0,425.0,343.0,514.0,66.0,875.0,3.0,48.0,6.0,36.86,119.21,102.42,Dec,16.56,254.0
TX,9,MHI_P90_2D,MHI,daily-mean heat index,90,2,month,calendar-month bucket,walk_forward_1979_to_Yminus1,>,year_round,none,tested,75.6,52.9,96.3,90.9,58.8,32.1,1240.0,0.0,33528.0,110334.0,33139.0,426.0,348.0,512.0,75.0,877.0,3.0,48.0,7.0,36.34,117.63,103.35,Dec,16.55,254.0
TX,9,MHI_P90_2D,MHI,daily-mean heat index,90,2,month_pm7,calendar month +/- 7 days,walk_forward_1979_to_Yminus1,>,year_round,none,tested,76.2,53.3,96.1,91.2,59.2,32.0,1809.0,0.0,33528.0,99482.0,30244.0,384.0,312.0,470.0,60.0,832.0,3.0,48.0,9.0,38.66,112.84,89.79,Aug,16.31,254.0
TX,16,MHI_P90_3D,MHI,daily-mean heat index,90,3,w05,centered 5-day window (+/-2 days),walk_forward_1979_to_Yminus1,>,year_round,none,tested,75.0,52.0,96.4,90.9,58.4,32.5,205.0,0.0,1022604.0,82824.0,18369.0,313.0,245.0,392.0,63.0,709.0,4.0,48.0,8.0,38.16,92.73,75.36,Dec,17.45,254.0
TX,16,MHI_P90_3D,MHI,daily-mean heat index,90,3,w15,centered 15-day window (+/-7 days),walk_forward_1979_to_Yminus1,>,year_round,none,tested,75.2,52.4,96.4,91.0,58.5,32.5,615.0,0.0,1022604.0,77785.0,17279.0,290.0,228.0,376.0,48.0,697.0,4.0,48.0,6.0,39.21,89.47,69.58,Dec,17.38,254.0
TX,16,MHI_P90_3D,MHI,daily-mean heat index,90,3,month,calendar-month bucket,walk_forward_1979_to_Yminus1,>,year_round,none,tested,75.6,52.9,96.3,90.9,58.8,32.1,1240.0,0.0,33528.0,79886.0,17915.0,301.0,234.0,378.0,54.0,679.0,4.0,48.0,7.0,38.09,89.28,72.77,Dec,17.31,254.0
TX,16,MHI_P90_3D,MHI,daily-mean heat index,90,3,month_pm7,calendar month +/- 7 days,walk_forward_1979_to_Yminus1,>,year_round,none,tested,76.2,53.3,96.1,91.2,59.2,32.0,1809.0,0.0,33528.0,71012.0,16009.0,266.0,199.0,335.0,38.0,638.0,4.0,48.0,9.0,41.02,85.45,61.63,Aug,17.07,254.0
TX,2,MHI_P95_2D,MHI,daily-mean heat index,95,2,w05,centered 5-day window (+/-2 days),walk_forward_1979_to_Yminus1,>,year_round,none,tested,76.9,54.9,98.1,92.7,61.9,30.8,205.0,0.0,1022604.0,58890.0,19314.0,219.0,166.0,282.0,30.0,571.0,2.0,48.0,4.0,35.19,60.79,56.16,Dec,15.79,254.0
TX,2,MHI_P95_2D,MHI,daily-mean heat index,95,2,w15,centered 15-day window (+/-7 days),walk_forward_1979_to_Yminus1,>,year_round,none,tested,77.2,55.3,98.1,92.8,62.2,30.6,615.0,0.0,1022604.0,52786.0,17428.0,195.0,148.0,254.0,18.0,516.0,2.0,31.0,4.0,36.25,56.14,49.52,Dec,15.45,254.0
TX,2,MHI_P95_2D,MHI,daily-mean heat index,95,2,month,calendar-month bucket,walk_forward_1979_to_Yminus1,>,year_round,none,tested,77.8,55.8,98.1,92.8,62.5,30.4,1240.0,0.0,33528.0,53273.0,17517.0,193.0,150.0,258.0,15.0,510.0,2.0,31.0,2.0,35.19,54.99,50.8,Dec,15.43,254.0
TX,2,MHI_P95_2D,MHI,daily-mean heat index,95,2,month_pm7,calendar month +/- 7 days,walk_forward_1979_to_Yminus1,>,year_round,none,tested,78.6,56.2,98.0,93.1,62.9,30.3,1809.0,0.0,33528.0,45107.0,15112.0,160.0,123.0,218.0,6.0,482.0,2.0,26.0,2.0,39.04,51.67,40.46,Dec,14.9,254.0
TX,5,TMAX_P85_2D,TMAX,daily maximum temperature,85,2,w05,centered 5-day window (+/-2 days),walk_forward_1979_to_Yminus1,>,year_round,none,tested,86.6,68.3,100.9,98.1,72.0,26.1,205.0,0.0,1022604.0,166682.0,43751.0,636.0,557.0,742.0,234.0,1251.0,3.0,66.0,162.0,36.43,178.14,155.89,Oct,16.0,254.0
TX,5,TMAX_P85_2D,TMAX,daily maximum temperature,85,2,w15,centered 15-day window (+/-7 days),walk_forward_1979_to_Yminus1,>,year_round,none,tested,87.0,68.8,100.9,98.1,72.0,26.1,615.0,0.0,1022604.0,161004.0,42631.0,617.0,541.0,720.0,215.0,1220.0,3.0,66.0,160.0,37.06,175.03,149.1,Oct,16.01,254.0
TX,5,TMAX_P85_2D,TMAX,daily maximum temperature,85,2,month,calendar-month bucket,walk_forward_1979_to_Yminus1,>,year_round,none,tested,87.3,69.1,100.9,98.1,72.5,25.5,1240.0,0.0,33528.0,158349.0,41318.0,605.0,533.0,707.0,207.0,1185.0,3.0,66.0,167.0,36.41,169.12,148.16,Oct,16.16,254.0
TX,5,TMAX_P85_2D,TMAX,daily maximum temperature,85,2,month_pm7,calendar month +/- 7 days,walk_forward_1979_to_Yminus1,>,year_round,none,tested,88.0,69.1,100.9,98.1,72.9,25.1,1809.0,0.0,33528.0,148222.0,39146.0,564.0,494.0,660.0,185.0,1074.0,3.0,69.0,164.0,37.36,162.44,136.61,Aug,16.03,254.0
TX,12,TMAX_P85_3D,TMAX,daily maximum temperature,85,3,w05,centered 5-day window (+/-2 days),walk_forward_1979_to_Yminus1,>,year_round,none,tested,86.6,68.3,100.9,98.1,72.0,26.1,205.0,0.0,1022604.0,130118.0,25469.0,486.0,407.0,599.0,140.0,1059.0,4.0,66.0,162.0,40.45,154.41,114.0,Oct,16.41,254.0
TX,12,TMAX_P85_3D,TMAX,daily maximum temperature,85,3,w15,centered 15-day window (+/-7 days),walk_forward_1979_to_Yminus1,>,year_round,none,tested,87.0,68.8,100.9,98.1,72.0,26.1,615.0,0.0,1022604.0,124812.0,24535.0,470.0,391.0,576.0,125.0,1016.0,4.0,66.0,160.0,41.4,151.58,107.61,Aug,16.47,254.0
TX,12,TMAX_P85_3D,TMAX,daily maximum temperature,85,3,month,calendar-month bucket,walk_forward_1979_to_Yminus1,>,year_round,none,tested,87.3,69.1,100.9,98.1,72.5,25.5,1240.0,0.0,33528.0,124531.0,24409.0,476.0,398.0,562.0,129.0,999.0,4.0,66.0,167.0,40.1,146.51,109.74,Aug,16.62,254.0
TX,12,TMAX_P85_3D,TMAX,daily maximum temperature,85,3,month_pm7,calendar month +/- 7 days,walk_forward_1979_to_Yminus1,>,year_round,none,tested,88.0,69.1,100.9,98.1,72.9,25.1,1809.0,0.0,33528.0,115678.0,22874.0,433.0,371.0,526.0,101.0,912.0,4.0,69.0,164.0,41.45,140.67,99.64,Aug,16.53,254.0
TX,3,TMAX_P90_2D,TMAX,daily maximum temperature,90,2,w05,centered 5-day window (+/-2 days),walk_forward_1979_to_Yminus1,>,year_round,none,tested,88.0,70.6,102.0,99.0,73.9,25.1,205.0,0.0,1022604.0,114603.0,31963.0,432.0,366.0,524.0,125.0,956.0,3.0,48.0,72.0,36.81,123.75,106.55,Oct,15.24,254.0
TX,3,TMAX_P90_2D,TMAX,daily maximum temperature,90,2,w15,centered 15-day window (+/-7 days),walk_forward_1979_to_Yminus1,>,year_round,none,tested,88.0,71.1,102.0,99.0,73.9,25.1,615.0,0.0,1022604.0,108359.0,30503.0,403.0,341.0,497.0,114.0,919.0,3.0,47.0,69.0,37.6,119.54,99.47,Aug,15.25,254.0
TX,3,TMAX_P90_2D,TMAX,daily maximum temperature,90,2,month,calendar-month bucket,walk_forward_1979_to_Yminus1,>,year_round,none,tested,89.0,71.1,102.0,99.0,74.5,24.5,1240.0,0.0,33528.0,106769.0,29755.0,403.0,340.0,485.0,104.0,853.0,3.0,48.0,80.0,36.78,115.22,99.3,Aug,15.25,254.0
TX,3,TMAX_P90_2D,TMAX,daily maximum temperature,90,2,month_pm7,calendar month +/- 7 days,walk_forward_1979_to_Yminus1,>,year_round,none,tested,89.2,71.7,102.0,99.0,74.7,24.3,1809.0,0.0,33528.0,97478.0,27589.0,370.0,309.0,438.0,73.0,766.0,3.0,48.0,81.0,38.54,110.2,88.15,Aug,15.15,254.0
TX,10,TMAX_P90_3D,TMAX,daily maximum temperature,90,3,w05,centered 5-day window (+/-2 days),walk_forward_1979_to_Yminus1,>,year_round,none,tested,88.0,70.6,102.0,99.0,73.9,25.1,205.0,0.0,1022604.0,85949.0,17636.0,314.0,253.0,399.0,63.0,782.0,4.0,48.0,72.0,41.38,104.34,74.13,Aug,15.66,254.0
TX,10,TMAX_P90_3D,TMAX,daily maximum temperature,90,3,w15,centered 15-day window (+/-7 days),walk_forward_1979_to_Yminus1,>,year_round,none,tested,88.0,71.1,102.0,99.0,73.9,25.1,615.0,0.0,1022604.0,80755.0,16701.0,297.0,239.0,373.0,59.0,747.0,4.0,47.0,69.0,42.52,100.73,68.3,Aug,15.69,254.0
TX,10,TMAX_P90_3D,TMAX,daily maximum temperature,90,3,month,calendar-month bucket,walk_forward_1979_to_Yminus1,>,year_round,none,tested,89.0,71.1,102.0,99.0,74.5,24.5,1240.0,0.0,33528.0,80451.0,16596.0,299.0,238.0,375.0,49.0,715.0,4.0,48.0,80.0,41.03,96.84,69.8,Aug,15.7,254.0
TX,10,TMAX_P90_3D,TMAX,daily maximum temperature,90,3,month_pm7,calendar month +/- 7 days,walk_forward_1979_to_Yminus1,>,year_round,none,tested,89.2,71.7,102.0,99.0,74.7,24.3,1809.0,0.0,33528.0,72426.0,15063.0,270.0,216.0,337.0,41.0,636.0,4.0,48.0,81.0,43.64,92.72,60.06,Aug,15.69,254.0
TX,7,TMAX_P95_2D,TMAX,daily maximum temperature,95,2,w05,centered 5-day window (+/-2 days),walk_forward_1979_to_Yminus1,>,year_round,none,tested,89.9,73.5,103.9,100.9,76.5,24.4,205.0,0.0,1022604.0,62917.0,19095.0,235.0,187.0,296.0,34.0,556.0,3.0,46.0,27.0,37.82,69.81,57.56,Aug,14.36,254.0
TX,7,TMAX_P95_2D,TMAX,daily maximum temperature,95,2,w15,centered 15-day window (+/-7 days),walk_forward_1979_to_Yminus1,>,year_round,none,tested,90.0,73.9,103.8,100.9,76.7,24.2,615.0,0.0,1022604.0,56576.0,17405.0,210.0,169.0,262.0,27.0,501.0,2.0,44.0,25.0,39.16,64.99,50.64,Aug,13.99,254.0
TX,7,TMAX_P95_2D,TMAX,daily maximum temperature,95,2,month,calendar-month bucket,walk_forward_1979_to_Yminus1,>,year_round,none,tested,90.8,74.0,103.8,100.9,77.0,23.9,1240.0,0.0,33528.0,55270.0,16898.0,207.0,164.0,261.0,31.0,480.0,3.0,46.0,29.0,38.49,62.41,50.02,Aug,14.28,254.0
TX,7,TMAX_P95_2D,TMAX,daily maximum temperature,95,2,month_pm7,calendar month +/- 7 days,walk_forward_1979_to_Yminus1,>,year_round,none,tested,91.4,74.7,103.9,100.9,77.0,23.9,1809.0,0.0,33528.0,48059.0,14880.0,182.0,141.0,224.0,21.0,417.0,2.0,46.0,31.0,41.87,59.03,41.1,Aug,13.97,254.0
TX,14,TMAX_P95_3D,TMAX,daily maximum temperature,95,3,w05,centered 5-day window (+/-2 days),walk_forward_1979_to_Yminus1,>,year_round,none,tested,89.9,73.5,103.9,100.9,76.5,24.4,205.0,0.0,1022604.0,43977.0,9625.0,158.0,119.0,212.0,16.0,424.0,4.0,46.0,27.0,43.37,55.96,36.64,Aug,15.02,254.0
TX,14,TMAX_P95_3D,TMAX,daily maximum temperature,95,3,w15,centered 15-day window (+/-7 days),walk_forward_1979_to_Yminus1,>,year_round,none,tested,90.0,73.9,103.8,100.9,76.7,24.2,615.0,0.0,1022604.0,38876.0,8555.0,141.0,105.0,188.0,15.0,375.0,4.0,44.0,25.0,45.68,52.1,31.07,Aug,14.49,254.0
TX,14,TMAX_P95_3D,TMAX,daily maximum temperature,95,3,month,calendar-month bucket,walk_forward_1979_to_Yminus1,>,year_round,none,tested,90.8,74.0,103.8,100.9,77.0,23.9,1240.0,0.0,33528.0,38426.0,8476.0,138.0,101.0,187.0,9.0,370.0,4.0,46.0,29.0,45.2,50.95,30.98,Aug,15.19,254.0
TX,14,TMAX_P95_3D,TMAX,daily maximum temperature,95,3,month_pm7,calendar month +/- 7 days,walk_forward_1979_to_Yminus1,>,year_round,none,tested,91.4,74.7,103.9,100.9,77.0,23.9,1809.0,0.0,33528.0,32851.0,7276.0,119.0,87.0,160.0,3.0,319.0,4.0,46.0,31.0,50.03,48.21,24.15,Aug,14.91,254.0
TX,6,TMIN_P85_2D,TMIN,daily minimum temperature,85,2,w05,centered 5-day window (+/-2 days),walk_forward_1979_to_Yminus1,>,year_round,none,tested,63.0,37.5,76.0,73.9,45.0,29.0,205.0,0.0,1022604.0,187198.0,49657.0,726.0,602.0,861.0,172.0,1477.0,3.0,50.0,67.0,40.81,224.11,163.02,Aug,18.87,254.0
TX,6,TMIN_P85_2D,TMIN,daily minimum temperature,85,2,w15,centered 15-day window (+/-7 days),walk_forward_1979_to_Yminus1,>,year_round,none,tested,63.0,37.9,75.9,73.9,45.0,29.0,615.0,0.0,1022604.0,181444.0,48193.0,701.0,584.0,841.0,156.0,1452.0,3.0,66.0,68.0,41.17,219.13,157.05,Aug,18.91,254.0
TX,6,TMIN_P85_2D,TMIN,daily minimum temperature,85,2,month,calendar-month bucket,walk_forward_1979_to_Yminus1,>,year_round,none,tested,63.0,37.9,75.9,73.9,45.4,28.5,1240.0,0.0,33528.0,182251.0,47608.0,709.0,594.0,844.0,167.0,1423.0,3.0,66.0,76.0,41.55,222.13,156.73,Aug,18.86,254.0
TX,6,TMIN_P85_2D,TMIN,daily minimum temperature,85,2,month_pm7,calendar month +/- 7 days,walk_forward_1979_to_Yminus1,>,year_round,none,tested,63.5,38.5,75.9,73.9,45.8,28.2,1809.0,0.0,33528.0,174134.0,45727.0,681.0,554.0,813.0,156.0,1319.0,3.0,66.0,82.0,42.89,219.1,146.32,Aug,18.69,254.0
TX,13,TMIN_P85_3D,TMIN,daily minimum temperature,85,3,w05,centered 5-day window (+/-2 days),walk_forward_1979_to_Yminus1,>,year_round,none,tested,63.0,37.5,76.0,73.9,45.0,29.0,205.0,0.0,1022604.0,148116.0,30116.0,575.0,469.0,693.0,138.0,1281.0,4.0,50.0,67.0,43.33,188.27,123.5,Aug,19.83,254.0
TX,13,TMIN_P85_3D,TMIN,daily minimum temperature,85,3,w15,centered 15-day window (+/-7 days),walk_forward_1979_to_Yminus1,>,year_round,none,tested,63.0,37.9,75.9,73.9,45.0,29.0,615.0,0.0,1022604.0,143020.0,28981.0,556.0,449.0,675.0,118.0,1256.0,4.0,66.0,68.0,43.94,184.36,117.96,Aug,19.83,254.0
TX,13,TMIN_P85_3D,TMIN,daily minimum temperature,85,3,month,calendar-month bucket,walk_forward_1979_to_Yminus1,>,year_round,none,tested,63.0,37.9,75.9,73.9,45.4,28.5,1240.0,0.0,33528.0,145237.0,29101.0,564.0,451.0,681.0,125.0,1241.0,4.0,66.0,76.0,44.3,188.74,119.02,Aug,19.88,254.0
TX,13,TMIN_P85_3D,TMIN,daily minimum temperature,85,3,month_pm7,calendar month +/- 7 days,walk_forward_1979_to_Yminus1,>,year_round,none,tested,63.5,38.5,75.9,73.9,45.8,28.2,1809.0,0.0,33528.0,138124.0,27722.0,537.0,424.0,654.0,106.0,1135.0,4.0,66.0,82.0,45.84,185.73,110.07,Aug,19.78,254.0
TX,4,TMIN_P90_2D,TMIN,daily minimum temperature,90,2,w05,centered 5-day window (+/-2 days),walk_forward_1979_to_Yminus1,>,year_round,none,tested,64.5,39.5,77.0,74.5,48.0,26.5,205.0,0.0,1022604.0,127906.0,36636.0,492.0,390.0,599.0,98.0,1121.0,3.0,48.0,20.0,42.13,158.09,108.9,Aug,18.56,254.0
TX,4,TMIN_P90_2D,TMIN,daily minimum temperature,90,2,w15,centered 15-day window (+/-7 days),walk_forward_1979_to_Yminus1,>,year_round,none,tested,64.8,39.9,77.0,74.5,48.0,26.5,615.0,0.0,1022604.0,121777.0,34951.0,471.0,369.0,564.0,92.0,1115.0,3.0,48.0,19.0,42.67,152.43,102.72,Aug,18.42,254.0
TX,4,TMIN_P90_2D,TMIN,daily minimum temperature,90,2,month,calendar-month bucket,walk_forward_1979_to_Yminus1,>,year_round,none,tested,64.9,40.0,77.0,74.5,48.0,26.5,1240.0,0.0,33528.0,122363.0,34419.0,473.0,372.0,571.0,74.0,1083.0,3.0,48.0,29.0,43.18,155.01,102.29,Aug,18.61,254.0
TX,4,TMIN_P90_2D,TMIN,daily minimum temperature,90,2,month_pm7,calendar month +/- 7 days,walk_forward_1979_to_Yminus1,>,year_round,none,tested,65.0,40.6,77.0,74.6,48.8,25.9,1809.0,0.0,33528.0,115028.0,32499.0,444.0,341.0,534.0,72.0,1008.0,3.0,48.0,29.0,45.07,152.09,92.96,Aug,18.41,254.0
TX,11,TMIN_P90_3D,TMIN,daily minimum temperature,90,3,w05,centered 5-day window (+/-2 days),walk_forward_1979_to_Yminus1,>,year_round,none,tested,64.5,39.5,77.0,74.5,48.0,26.5,205.0,0.0,1022604.0,95876.0,20621.0,362.0,278.0,458.0,76.0,965.0,4.0,48.0,20.0,45.38,127.65,77.04,Aug,19.56,254.0
TX,11,TMIN_P90_3D,TMIN,daily minimum temperature,90,3,w15,centered 15-day window (+/-7 days),walk_forward_1979_to_Yminus1,>,year_round,none,tested,64.8,39.9,77.0,74.5,48.0,26.5,615.0,0.0,1022604.0,91133.0,19629.0,348.0,265.0,433.0,80.0,953.0,4.0,48.0,19.0,45.89,122.69,72.55,Aug,19.5,254.0
TX,11,TMIN_P90_3D,TMIN,daily minimum temperature,90,3,month,calendar-month bucket,walk_forward_1979_to_Yminus1,>,year_round,none,tested,64.9,40.0,77.0,74.5,48.0,26.5,1240.0,0.0,33528.0,93161.0,19818.0,360.0,277.0,441.0,54.0,955.0,4.0,48.0,29.0,46.31,126.57,73.59,Aug,19.72,254.0
TX,11,TMIN_P90_3D,TMIN,daily minimum temperature,90,3,month_pm7,calendar month +/- 7 days,walk_forward_1979_to_Yminus1,>,year_round,none,tested,65.0,40.6,77.0,74.6,48.8,25.9,1809.0,0.0,33528.0,87272.0,18621.0,334.0,253.0,414.0,48.0,876.0,4.0,48.0,29.0,48.52,124.24,66.09,Aug,19.5,254.0
TX,8,TMIN_P95_2D,TMIN,daily minimum temperature,95,2,w05,centered 5-day window (+/-2 days),walk_forward_1979_to_Yminus1,>,year_round,none,tested,66.6,42.2,78.1,75.5,52.1,23.4,205.0,0.0,1022604.0,67525.0,21010.0,254.0,190.0,325.0,29.0,728.0,3.0,48.0,3.0,44.01,87.19,55.62,Aug,17.94,254.0
TX,8,TMIN_P95_2D,TMIN,daily minimum temperature,95,2,w15,centered 15-day window (+/-7 days),walk_forward_1979_to_Yminus1,>,year_round,none,tested,66.9,42.7,78.1,75.6,52.6,23.0,615.0,0.0,1022604.0,61496.0,19215.0,231.0,169.0,298.0,17.0,682.0,3.0,48.0,4.0,45.0,81.19,49.76,Aug,17.91,254.0
TX,8,TMIN_P95_2D,TMIN,daily minimum temperature,95,2,month,calendar-month bucket,walk_forward_1979_to_Yminus1,>,year_round,none,tested,67.0,43.1,78.1,75.8,52.6,23.2,1240.0,0.0,33528.0,61903.0,19193.0,234.0,174.0,295.0,17.0,673.0,3.0,48.0,7.0,45.01,81.74,50.08,Aug,17.74,254.0
TX,8,TMIN_P95_2D,TMIN,daily minimum temperature,95,2,month_pm7,calendar month +/- 7 days,walk_forward_1979_to_Yminus1,>,year_round,none,tested,67.7,44.1,78.1,75.9,53.1,22.9,1809.0,0.0,33528.0,56590.0,17579.0,213.0,149.0,272.0,13.0,631.0,3.0,48.0,8.0,47.93,79.56,43.36,Aug,17.42,254.0
TX,15,TMIN_P95_3D,TMIN,daily minimum temperature,95,3,w05,centered 5-day window (+/-2 days),walk_forward_1979_to_Yminus1,>,year_round,none,tested,66.6,42.2,78.1,75.5,52.1,23.4,205.0,0.0,1022604.0,47099.0,10797.0,172.0,122.0,235.0,19.0,616.0,4.0,48.0,3.0,47.83,66.09,36.15,Aug,19.21,254.0
TX,15,TMIN_P95_3D,TMIN,daily minimum temperature,95,3,w15,centered 15-day window (+/-7 days),walk_forward_1979_to_Yminus1,>,year_round,none,tested,66.9,42.7,78.1,75.6,52.6,23.0,615.0,0.0,1022604.0,42638.0,9786.0,156.0,105.0,211.0,7.0,580.0,4.0,48.0,4.0,48.8,61.04,32.12,Aug,19.26,254.0
TX,15,TMIN_P95_3D,TMIN,daily minimum temperature,95,3,month,calendar-month bucket,walk_forward_1979_to_Yminus1,>,year_round,none,tested,67.0,43.1,78.1,75.8,52.6,23.2,1240.0,0.0,33528.0,43309.0,9896.0,156.0,114.0,214.0,13.0,569.0,4.0,48.0,7.0,48.86,62.08,32.58,Aug,18.96,254.0
TX,15,TMIN_P95_3D,TMIN,daily minimum temperature,95,3,month_pm7,calendar month +/- 7 days,walk_forward_1979_to_Yminus1,>,year_round,none,tested,67.7,44.1,78.1,75.9,53.1,22.9,1809.0,0.0,33528.0,39412.0,8990.0,141.0,99.0,193.0,13.0,523.0,4.0,48.0,8.0,52.19,60.35,27.72,Aug,18.6,254.0
TX,,MHI_P85_3D,MHI,daily-mean heat index,85,3,w05,centered 5-day window (+/-2 days),,,,,"NOT TESTED - never run; not zero, not interpolated",,,,,,,,,,,,,,,,,,,,,,,,,
TX,,MHI_P95_3D,MHI,daily-mean heat index,95,3,w05,centered 5-day window (+/-2 days),,,,,"NOT TESTED - never run; not zero, not interpolated",,,,,,,,,,,,,,,,,,,,,,,,,
TX,,MHI_P85_3D,MHI,daily-mean heat index,85,3,w15,centered 15-day window (+/-7 days),,,,,"NOT TESTED - never run; not zero, not interpolated",,,,,,,,,,,,,,,,,,,,,,,,,
TX,,MHI_P95_3D,MHI,daily-mean heat index,95,3,w15,centered 15-day window (+/-7 days),,,,,"NOT TESTED - never run; not zero, not interpolated",,,,,,,,,,,,,,,,,,,,,,,,,
TX,,MHI_P85_3D,MHI,daily-mean heat index,85,3,month,calendar-month bucket,,,,,"NOT TESTED - never run; not zero, not interpolated",,,,,,,,,,,,,,,,,,,,,,,,,
TX,,MHI_P95_3D,MHI,daily-mean heat index,95,3,month,calendar-month bucket,,,,,"NOT TESTED - never run; not zero, not interpolated",,,,,,,,,,,,,,,,,,,,,,,,,
TX,,MHI_P85_3D,MHI,daily-mean heat index,85,3,month_pm7,calendar month +/- 7 days,,,,,"NOT TESTED - never run; not zero, not interpolated",,,,,,,,,,,,,,,,,,,,,,,,,
TX,,MHI_P95_3D,MHI,daily-mean heat index,95,3,month_pm7,calendar month +/- 7 days,,,,,"NOT TESTED - never run; not zero, not interpolated",,,,,,,,,,,,,,,,,,,,,,,,,
