county_fips,ehf85_c2,n_positive_reference_ehf_values,n_distinct_reference_years_with_positive_ehf,severity_quality_flag
48001,3.0166409005227837,577,28,ok
48003,7.440139917147953,515,32,ok
48005,2.815598611111122,563,31,ok
48007,1.0534228395061487,501,32,ok
48009,5.616325868560706,590,31,ok
48011,6.806123926719903,538,33,ok
48013,1.8691823688271212,572,33,ok
48015,2.693892255449879,600,29,ok
48017,7.235930902777869,530,33,ok
48019,2.2412515851065056,508,33,ok
48021,2.566161111111075,597,32,ok
48023,5.910406250000067,566,31,ok
48025,1.9507429529300726,571,31,ok
48027,2.774625638888927,599,30,ok
48029,2.1391492187500085,564,31,ok
48031,2.1007999999999885,557,32,ok
48033,7.752270706847359,571,32,ok
48035,3.3719933569935248,565,29,ok
48037,4.106666666666662,581,31,ok
48039,1.2673598765431628,528,34,ok
48041,2.5968888888888366,626,29,ok
48043,5.1070449431671765,561,33,ok
48045,8.193308223348257,499,31,ok
48047,3.000218417503886,534,30,ok
48049,3.8518000000001202,557,31,ok
48051,3.013951885546515,550,31,ok
48053,2.7513183719369416,586,33,ok
48055,1.9754196835282802,618,31,ok
48057,1.0574931712963178,540,34,ok
48059,4.946039583333243,623,31,ok
48061,0.9827710092592478,595,30,ok
48063,5.035536595379846,588,28,ok
48065,8.200449179498731,538,36,ok
48067,4.603637500000071,543,31,ok
48069,6.409569444444482,517,35,ok
48071,2.379843750000007,536,35,ok
48073,3.2844951388887695,602,29,ok
48075,7.712613888888874,552,32,ok
48077,5.2920095681537695,629,32,ok
48079,7.253569444444505,487,33,ok
48081,5.958866666666721,515,31,ok
48083,3.7816105709878203,575,31,ok
48085,4.666186574074136,588,32,ok
48087,7.523976101704158,549,33,ok
48089,2.573524691357954,590,28,ok
48091,1.9186034722222312,579,30,ok
48093,4.049028346657834,534,29,ok
48095,4.257286645170872,559,32,ok
48097,5.983104166666611,586,31,ok
48099,3.2166666666666934,581,31,ok
48101,7.056400000000053,549,31,ok
48103,6.832118055555578,506,32,ok
48105,3.735321469907439,576,32,ok
48107,7.345888194444562,558,31,ok
48109,9.7101756819963,596,30,ok
48111,4.843421449953695,556,35,ok
48113,4.550967206790101,598,31,ok
48115,6.380716704798871,543,32,ok
48117,6.43293333333335,549,34,ok
48119,4.017260089335895,596,28,ok
48121,4.950699138888866,572,32,ok
48123,2.164583333333328,608,31,ok
48125,6.156789860291643,523,32,ok
48127,2.0112499999999986,585,32,ok
48129,8.857863888888852,514,33,ok
48131,2.1165185185185473,588,32,ok
48133,4.03478472222224,599,32,ok
48135,6.313494660553813,554,31,ok
48137,3.9365662315236363,554,33,ok
48139,3.6040943132714958,614,29,ok
48141,7.364980524305551,582,31,ok
48143,3.968517708333231,624,32,ok
48145,2.697967155806868,666,31,ok
48147,5.199305555555556,568,29,ok
48149,2.2052962962962877,589,29,ok
48151,6.013257307407339,564,33,ok
48153,7.369916666666739,483,35,ok
48155,4.9477929998046175,580,32,ok
48157,2.089517361111083,546,30,ok
48159,6.152933333333279,569,31,ok
48161,3.2211828615213647,620,29,ok
48163,2.1999999999999957,626,28,ok
48165,8.004416666666584,556,33,ok
48167,1.3583333333333154,583,31,ok
48169,7.04520833333329,566,31,ok
48171,2.3929843750000286,576,31,ok
48173,5.289283333333261,535,31,ok
48175,2.7328759124980873,642,31,ok
48177,2.1695550925925606,599,29,ok
48179,7.071458333333321,571,34,ok
48181,5.16353831467381,592,32,ok
48183,4.592722057060909,579,30,ok
48185,2.163437647038021,623,31,ok
48187,2.1796389362955635,602,31,ok
48189,7.113070833333311,522,32,ok
48191,8.389275694444517,539,34,ok
48193,3.4961944444443835,631,31,ok
48195,6.270272222222333,525,35,ok
48197,5.92449782311426,561,30,ok
48199,2.0991167930924104,555,31,ok
48201,2.3844370370370354,557,31,ok
48203,5.038780555555535,583,27,ok
48205,6.017583950617361,553,31,ok
48207,5.172196689452725,551,32,ok
48209,2.147844768805318,611,28,ok
48211,6.532341366315373,585,34,ok
48213,3.0200972222222338,608,32,ok
48215,1.2478825462962826,568,31,ok
48217,3.722766666666557,575,31,ok
48219,7.695999999999976,561,33,ok
48221,4.736943522148768,603,30,ok
48223,5.001147916666728,607,31,ok
48225,3.6018555555554626,572,29,ok
48227,6.406156616860771,558,32,ok
48229,6.477293595679045,591,32,ok
48231,5.5982734567899755,593,29,ok
48233,8.762239930555497,537,29,ok
48235,4.332909299824869,610,30,ok
48237,6.009775000000151,588,30,ok
48239,1.600807425637173,600,31,ok
48241,2.6236568614583105,490,30,ok
48243,8.165372916666726,567,31,ok
48245,1.7126763888888816,555,31,ok
48247,2.505460398621336,482,28,ok
48249,2.0508541666666487,595,31,ok
48251,3.344654791666694,594,30,ok
48253,5.317970138888905,579,32,ok
48255,2.2648951817417906,606,30,ok
48257,3.3941138888889184,545,30,ok
48259,1.9813750000000214,480,32,ok
48261,1.7836445336757374,596,31,ok
48263,6.670241421677577,589,29,ok
48265,2.044834232107673,559,29,ok
48267,3.2559305555555556,591,32,ok
48269,6.150003832534941,541,31,ok
48271,2.477804085981645,569,31,ok
48273,1.9201364583333238,544,31,ok
48275,5.883618480461977,554,31,ok
48277,5.936394444444434,588,31,ok
48279,8.019526360368069,512,34,ok
48281,3.6811083333332766,562,29,ok
48283,2.170202777777755,592,32,ok
48285,2.079944612866539,567,30,ok
48287,2.4685408665128037,664,31,ok
48289,3.0883944444444626,547,30,ok
48291,2.186140999999956,584,32,ok
48293,2.7723104081947496,605,32,ok
48295,7.644444135802538,539,34,ok
48297,2.002209027777763,632,30,ok
48299,3.0683333333333347,487,30,ok
48301,5.06371179963175,600,33,ok
48303,8.6304694444444,490,34,ok
48305,6.693158333333251,564,33,ok
48307,3.7814605308095532,582,32,ok
48309,2.5881475115741615,606,30,ok
48311,1.9740611111110646,577,30,ok
48313,2.4537500000000145,511,30,ok
48315,4.724311111111088,549,32,ok
48317,4.848290104935133,591,32,ok
48319,3.7069145833333312,560,28,ok
48321,1.2395737847222241,556,34,ok
48323,2.8918023210270816,508,32,ok
48325,1.7959500000000572,598,31,ok
48327,4.335092872928731,579,32,ok
48329,6.496466145833414,571,32,ok
48331,2.33870099946121,598,29,ok
48333,3.490978797397187,559,31,ok
48335,5.24242372240102,502,31,ok
48337,5.421041666666625,642,29,ok
48339,3.039209201388871,556,31,ok
48341,7.2091112841986424,501,35,ok
48343,4.564121527777839,586,30,ok
48345,8.747523699812302,551,32,ok
48347,3.2413666666666985,545,32,ok
48349,3.3427384259260253,610,32,ok
48351,3.016983333333328,553,34,ok
48353,6.525624999999958,515,30,ok
48355,0.8430860840436766,594,31,ok
48357,8.214177105183705,537,35,ok
48359,6.139749097222283,550,35,ok
48361,2.080062499999909,556,33,ok
48363,6.914990277777658,580,26,ok
48365,4.275138888888875,543,29,ok
48367,4.553589930555559,590,33,ok
48369,7.349272222222225,513,32,ok
48371,4.834352199074065,583,34,ok
48373,3.579659082373295,598,32,ok
48375,7.5477708333334,520,33,ok
48377,6.040138888888848,561,33,ok
48379,4.469028819444467,560,31,ok
48381,6.366609660629869,542,34,ok
48383,5.512163888888919,537,32,ok
48385,2.341567708333415,556,32,ok
48387,5.262834722222236,573,30,ok
48389,7.1198364197529855,556,34,ok
48391,1.6191478162699464,497,32,ok
48393,6.413995359442443,544,36,ok
48395,2.5495500795326067,592,28,ok
48397,3.7525411056627194,598,30,ok
48399,4.073467708333198,572,29,ok
48401,4.488977083333437,567,30,ok
48403,3.501970020415387,572,31,ok
48405,3.096904719820808,563,31,ok
48407,2.815773063626268,609,29,ok
48409,1.2833333333333203,602,33,ok
48411,3.4665312499999708,566,32,ok
48413,4.235635239727416,584,30,ok
48415,4.864412756486228,524,33,ok
48417,5.631676996521035,560,30,ok
48419,4.76486805555557,540,29,ok
48421,5.693527125050099,526,34,ok
48423,3.7442089248185533,541,32,ok
48425,4.800516666666769,585,30,ok
48427,1.8635342592592465,600,30,ok
48429,5.0201561323205235,588,31,ok
48431,5.405483381838985,585,34,ok
48433,5.2854666666667045,593,32,ok
48435,3.367291666666618,544,33,ok
48437,7.585520833333115,516,31,ok
48439,4.509043020597093,602,31,ok
48441,4.823501080246818,593,32,ok
48443,3.913703041835032,592,30,ok
48445,7.326999999999916,541,33,ok
48447,5.855704317176488,614,32,ok
48449,4.707666666666679,621,31,ok
48451,4.858088580246939,583,31,ok
48453,1.9454085888889376,598,30,ok
48455,3.1588061335667343,584,32,ok
48457,3.066908333333252,557,31,ok
48459,4.661953124999945,556,29,ok
48461,5.53443157019404,525,30,ok
48463,2.1539786144516526,589,31,ok
48465,3.3579962962962737,615,33,ok
48467,4.35825000000008,602,30,ok
48469,1.6012777777777571,581,33,ok
48471,2.8058840277777333,615,32,ok
48473,1.924347377155864,614,31,ok
48475,6.68703750000007,547,33,ok
48477,2.228593749999999,575,30,ok
48479,2.3512444444441467,555,30,ok
48481,1.845737499999997,562,33,ok
48483,7.248086526373726,539,32,ok
48485,7.051466666666692,565,33,ok
48487,5.641109492651772,557,33,ok
48489,1.553404924675268,516,32,ok
48491,2.1568975308641525,585,29,ok
48493,1.690661573080844,554,29,ok
48495,7.5039805555555334,563,33,ok
48497,4.963345309115461,556,31,ok
48499,3.798277893518575,584,29,ok
48501,7.156967191602379,564,31,ok
48503,5.361638470455373,573,31,ok
48505,1.719121871844542,507,30,ok
48507,2.227622222222188,582,28,ok
