sample,state,state_name,variable,variable_label,period,period_note,contributing_counties,annual_observations_per_county_per_period,median_across_counties_f,p25_across_counties_f,p75_across_counties_f,iqr_across_counties_f,min_across_counties_f,max_across_counties_f,median_ci_low_f,median_ci_high_f,difference_of_medians_vs_base_f,difference_ci_low_f,difference_ci_high_f,median_paired_county_difference_f,paired_difference_ci_low_f,paired_difference_ci_high_f,base_period,bootstrap_resamples,bootstrap_unit,aggregation,interpretation
consistent_county,AL,Alabama,Tavg,Average daily temperature,1980-1989,,26,10,62.827,61.264,64.508,3.244,57.471,67.449,61.974,64.326,0.0,0.0,0.0,0.0,0.0,0.0,1980-1989,2000,county,daily -> annual county value -> county period mean -> state median across counties,a difference between two period summaries; NOT a trend estimate and NOT a causal statement
consistent_county,AL,Alabama,Tavg,Average daily temperature,1990-1999,,26,10,63.491,62.048,64.933,2.885,58.761,67.834,62.466,64.612,0.663,0.123,0.926,0.561,0.246,0.743,1980-1989,2000,county,daily -> annual county value -> county period mean -> state median across counties,a difference between two period summaries; NOT a trend estimate and NOT a causal statement
consistent_county,AL,Alabama,Tavg,Average daily temperature,2000-2009,,26,10,63.18,61.608,65.061,3.454,59.402,67.8,62.789,64.769,0.353,-0.158,1.207,0.583,0.389,0.989,1980-1989,2000,county,daily -> annual county value -> county period mean -> state median across counties,a difference between two period summaries; NOT a trend estimate and NOT a causal statement
consistent_county,AL,Alabama,Tavg,Average daily temperature,2010-2019,,26,10,64.27,62.106,65.718,3.612,60.179,68.693,63.557,65.372,1.443,0.949,2.141,1.29,1.209,1.578,1980-1989,2000,county,daily -> annual county value -> county period mean -> state median across counties,a difference between two period summaries; NOT a trend estimate and NOT a causal statement
consistent_county,AL,Alabama,Tavg,Average daily temperature,2020-2025,six-year recent period,26,6,65.067,62.818,66.572,3.754,60.398,70.067,63.906,66.202,2.239,1.558,2.835,2.092,1.773,2.36,1980-1989,2000,county,daily -> annual county value -> county period mean -> state median across counties,a difference between two period summaries; NOT a trend estimate and NOT a causal statement
consistent_county,AL,Alabama,Tmax,Average daily high temperature,1980-1989,,28,10,74.535,72.92,76.208,3.288,69.617,77.725,73.548,76.054,0.0,0.0,0.0,0.0,0.0,0.0,1980-1989,2000,county,daily -> annual county value -> county period mean -> state median across counties,a difference between two period summaries; NOT a trend estimate and NOT a causal statement
consistent_county,AL,Alabama,Tmax,Average daily high temperature,1990-1999,,28,10,75.118,73.537,76.109,2.572,70.014,77.98,74.12,75.886,0.583,-0.344,1.06,0.192,-0.014,0.467,1980-1989,2000,county,daily -> annual county value -> county period mean -> state median across counties,a difference between two period summaries; NOT a trend estimate and NOT a causal statement
consistent_county,AL,Alabama,Tmax,Average daily high temperature,2000-2009,,28,10,75.414,73.579,76.909,3.33,70.671,78.371,74.124,76.5,0.879,-0.101,1.435,0.551,0.268,0.945,1980-1989,2000,county,daily -> annual county value -> county period mean -> state median across counties,a difference between two period summaries; NOT a trend estimate and NOT a causal statement
consistent_county,AL,Alabama,Tmax,Average daily high temperature,2010-2019,,28,10,75.719,73.259,77.329,4.071,71.034,79.254,74.668,76.728,1.184,0.257,2.006,0.941,0.602,1.416,1980-1989,2000,county,daily -> annual county value -> county period mean -> state median across counties,a difference between two period summaries; NOT a trend estimate and NOT a causal statement
consistent_county,AL,Alabama,Tmax,Average daily high temperature,2020-2025,six-year recent period,28,6,76.155,74.172,78.049,3.876,71.376,80.07,74.855,77.91,1.619,0.938,2.642,1.392,1.03,1.868,1980-1989,2000,county,daily -> annual county value -> county period mean -> state median across counties,a difference between two period summaries; NOT a trend estimate and NOT a causal statement
consistent_county,AL,Alabama,Tmin,Average daily low temperature,1980-1989,,27,10,51.23,49.703,52.327,2.624,45.33,58.754,50.037,52.269,0.0,0.0,0.0,0.0,0.0,0.0,1980-1989,2000,county,daily -> annual county value -> county period mean -> state median across counties,a difference between two period summaries; NOT a trend estimate and NOT a causal statement
consistent_county,AL,Alabama,Tmin,Average daily low temperature,1990-1999,,27,10,52.463,50.383,53.574,3.191,47.428,58.934,50.791,53.44,1.233,0.054,1.689,0.882,0.316,1.444,1980-1989,2000,county,daily -> annual county value -> county period mean -> state median across counties,a difference between two period summaries; NOT a trend estimate and NOT a causal statement
consistent_county,AL,Alabama,Tmin,Average daily low temperature,2000-2009,,27,10,51.626,50.19,53.457,3.266,48.106,58.979,50.508,53.002,0.396,-0.271,1.509,0.778,0.337,1.418,1980-1989,2000,county,daily -> annual county value -> county period mean -> state median across counties,a difference between two period summaries; NOT a trend estimate and NOT a causal statement
consistent_county,AL,Alabama,Tmin,Average daily low temperature,2010-2019,,27,10,52.935,50.825,54.135,3.31,48.975,60.174,52.154,53.876,1.705,0.963,2.465,1.636,1.42,2.173,1980-1989,2000,county,daily -> annual county value -> county period mean -> state median across counties,a difference between two period summaries; NOT a trend estimate and NOT a causal statement
consistent_county,AL,Alabama,Tmin,Average daily low temperature,2020-2025,six-year recent period,27,6,53.801,51.484,55.345,3.861,49.413,61.4,52.709,54.494,2.572,1.548,3.184,2.696,2.057,3.126,1980-1989,2000,county,daily -> annual county value -> county period mean -> state median across counties,a difference between two period summaries; NOT a trend estimate and NOT a causal statement
consistent_county,FL,Florida,Tavg,Average daily temperature,1980-1989,,32,10,72.342,69.919,73.204,3.285,66.696,77.009,71.032,73.019,0.0,0.0,0.0,0.0,0.0,0.0,1980-1989,2000,county,daily -> annual county value -> county period mean -> state median across counties,a difference between two period summaries; NOT a trend estimate and NOT a causal statement
consistent_county,FL,Florida,Tavg,Average daily temperature,1990-1999,,32,10,72.947,70.948,74.148,3.2,67.139,77.624,71.954,73.617,0.605,0.228,1.147,0.838,0.721,0.909,1980-1989,2000,county,daily -> annual county value -> county period mean -> state median across counties,a difference between two period summaries; NOT a trend estimate and NOT a causal statement
consistent_county,FL,Florida,Tavg,Average daily temperature,2000-2009,,32,10,72.732,70.63,73.586,2.956,67.698,77.629,71.668,73.287,0.39,-0.1,1.123,0.591,0.364,0.712,1980-1989,2000,county,daily -> annual county value -> county period mean -> state median across counties,a difference between two period summaries; NOT a trend estimate and NOT a causal statement
consistent_county,FL,Florida,Tavg,Average daily temperature,2010-2019,,32,10,73.568,71.792,74.476,2.684,68.872,78.221,72.215,74.274,1.226,0.148,1.842,1.421,1.238,1.675,1980-1989,2000,county,daily -> annual county value -> county period mean -> state median across counties,a difference between two period summaries; NOT a trend estimate and NOT a causal statement
consistent_county,FL,Florida,Tavg,Average daily temperature,2020-2025,six-year recent period,32,6,74.37,72.526,75.373,2.846,69.523,79.64,73.173,74.985,2.029,1.274,2.646,2.246,2.042,2.392,1980-1989,2000,county,daily -> annual county value -> county period mean -> state median across counties,a difference between two period summaries; NOT a trend estimate and NOT a causal statement
consistent_county,FL,Florida,Tmax,Average daily high temperature,1980-1989,,37,10,82.413,80.834,83.844,3.01,76.576,85.311,81.632,83.52,0.0,0.0,0.0,0.0,0.0,0.0,1980-1989,2000,county,daily -> annual county value -> county period mean -> state median across counties,a difference between two period summaries; NOT a trend estimate and NOT a causal statement
consistent_county,FL,Florida,Tmax,Average daily high temperature,1990-1999,,37,10,82.685,81.151,83.876,2.726,77.524,85.624,82.189,83.715,0.271,-0.011,0.716,0.237,0.076,0.576,1980-1989,2000,county,daily -> annual county value -> county period mean -> state median across counties,a difference between two period summaries; NOT a trend estimate and NOT a causal statement
consistent_county,FL,Florida,Tmax,Average daily high temperature,2000-2009,,37,10,82.417,80.547,83.805,3.258,77.327,85.435,81.342,83.232,0.004,-0.749,0.517,0.102,-0.312,0.243,1980-1989,2000,county,daily -> annual county value -> county period mean -> state median across counties,a difference between two period summaries; NOT a trend estimate and NOT a causal statement
consistent_county,FL,Florida,Tmax,Average daily high temperature,2010-2019,,37,10,83.238,81.636,83.877,2.242,78.106,85.789,81.895,83.671,0.825,-0.216,1.364,0.575,0.381,1.06,1980-1989,2000,county,daily -> annual county value -> county period mean -> state median across counties,a difference between two period summaries; NOT a trend estimate and NOT a causal statement
consistent_county,FL,Florida,Tmax,Average daily high temperature,2020-2025,six-year recent period,37,6,83.942,81.317,84.94,3.624,78.67,86.678,82.918,84.546,1.528,0.553,2.119,1.198,0.876,1.727,1980-1989,2000,county,daily -> annual county value -> county period mean -> state median across counties,a difference between two period summaries; NOT a trend estimate and NOT a causal statement
consistent_county,FL,Florida,Tmin,Average daily low temperature,1980-1989,,34,10,61.448,59.247,62.986,3.739,54.652,70.889,59.942,62.308,0.0,0.0,0.0,0.0,0.0,0.0,1980-1989,2000,county,daily -> annual county value -> county period mean -> state median across counties,a difference between two period summaries; NOT a trend estimate and NOT a causal statement
consistent_county,FL,Florida,Tmin,Average daily low temperature,1990-1999,,34,10,62.624,60.784,64.12,3.337,56.312,71.632,61.434,63.283,1.176,0.453,1.662,1.073,0.905,1.325,1980-1989,2000,county,daily -> annual county value -> county period mean -> state median across counties,a difference between two period summaries; NOT a trend estimate and NOT a causal statement
consistent_county,FL,Florida,Tmin,Average daily low temperature,2000-2009,,34,10,62.878,60.075,63.52,3.445,55.831,72.026,60.616,63.256,1.43,-0.011,1.96,0.921,0.683,1.25,1980-1989,2000,county,daily -> annual county value -> county period mean -> state median across counties,a difference between two period summaries; NOT a trend estimate and NOT a causal statement
consistent_county,FL,Florida,Tmin,Average daily low temperature,2010-2019,,34,10,63.609,60.885,65.128,4.243,57.264,72.892,61.608,64.238,2.161,0.847,2.795,2.12,1.834,2.41,1980-1989,2000,county,daily -> annual county value -> county period mean -> state median across counties,a difference between two period summaries; NOT a trend estimate and NOT a causal statement
consistent_county,FL,Florida,Tmin,Average daily low temperature,2020-2025,six-year recent period,34,6,64.804,61.975,66.286,4.311,58.092,74.341,62.434,65.421,3.356,1.861,3.961,3.011,2.506,3.518,1980-1989,2000,county,daily -> annual county value -> county period mean -> state median across counties,a difference between two period summaries; NOT a trend estimate and NOT a causal statement
consistent_county,LA,Louisiana,Tavg,Average daily temperature,1980-1989,,26,10,66.36,64.584,67.484,2.9,63.067,69.703,64.988,67.229,0.0,0.0,0.0,0.0,0.0,0.0,1980-1989,2000,county,daily -> annual county value -> county period mean -> state median across counties,a difference between two period summaries; NOT a trend estimate and NOT a causal statement
consistent_county,LA,Louisiana,Tavg,Average daily temperature,1990-1999,,26,10,67.095,65.277,68.155,2.879,63.995,70.936,65.647,67.893,0.735,0.469,0.971,0.746,0.569,0.839,1980-1989,2000,county,daily -> annual county value -> county period mean -> state median across counties,a difference between two period summaries; NOT a trend estimate and NOT a causal statement
consistent_county,LA,Louisiana,Tavg,Average daily temperature,2000-2009,,26,10,67.549,65.977,68.371,2.394,63.496,71.526,66.316,68.21,1.189,0.446,1.493,1.076,0.791,1.347,1980-1989,2000,county,daily -> annual county value -> county period mean -> state median across counties,a difference between two period summaries; NOT a trend estimate and NOT a causal statement
consistent_county,LA,Louisiana,Tavg,Average daily temperature,2010-2019,,26,10,67.642,66.574,68.861,2.287,64.326,71.647,67.16,68.553,1.282,0.89,2.242,1.643,1.272,1.998,1980-1989,2000,county,daily -> annual county value -> county period mean -> state median across counties,a difference between two period summaries; NOT a trend estimate and NOT a causal statement
consistent_county,LA,Louisiana,Tavg,Average daily temperature,2020-2025,six-year recent period,26,6,68.896,67.834,69.824,1.989,65.139,72.433,67.86,69.628,2.536,2.002,3.506,2.641,2.186,3.194,1980-1989,2000,county,daily -> annual county value -> county period mean -> state median across counties,a difference between two period summaries; NOT a trend estimate and NOT a causal statement
consistent_county,LA,Louisiana,Tmax,Average daily high temperature,1980-1989,,26,10,77.212,76.019,77.537,1.517,74.742,78.676,76.484,77.488,0.0,0.0,0.0,0.0,0.0,0.0,1980-1989,2000,county,daily -> annual county value -> county period mean -> state median across counties,a difference between two period summaries; NOT a trend estimate and NOT a causal statement
consistent_county,LA,Louisiana,Tmax,Average daily high temperature,1990-1999,,26,10,77.47,76.689,78.1,1.411,75.227,79.083,76.768,77.938,0.258,-0.327,0.643,0.425,0.222,0.736,1980-1989,2000,county,daily -> annual county value -> county period mean -> state median across counties,a difference between two period summaries; NOT a trend estimate and NOT a causal statement
consistent_county,LA,Louisiana,Tmax,Average daily high temperature,2000-2009,,26,10,77.913,77.022,78.426,1.404,75.259,79.331,77.409,78.358,0.702,0.375,1.181,0.763,0.517,1.007,1980-1989,2000,county,daily -> annual county value -> county period mean -> state median across counties,a difference between two period summaries; NOT a trend estimate and NOT a causal statement
consistent_county,LA,Louisiana,Tmax,Average daily high temperature,2010-2019,,26,10,78.086,77.45,78.651,1.2,76.549,79.184,77.77,78.573,0.875,0.673,1.456,1.246,0.789,1.578,1980-1989,2000,county,daily -> annual county value -> county period mean -> state median across counties,a difference between two period summaries; NOT a trend estimate and NOT a causal statement
consistent_county,LA,Louisiana,Tmax,Average daily high temperature,2020-2025,six-year recent period,26,6,79.297,78.46,79.896,1.436,77.146,81.035,78.868,79.775,2.085,1.791,2.639,2.28,1.582,2.572,1980-1989,2000,county,daily -> annual county value -> county period mean -> state median across counties,a difference between two period summaries; NOT a trend estimate and NOT a causal statement
consistent_county,LA,Louisiana,Tmin,Average daily low temperature,1980-1989,,26,10,55.63,53.099,57.313,4.214,51.341,60.732,53.542,56.891,0.0,0.0,0.0,0.0,0.0,0.0,1980-1989,2000,county,daily -> annual county value -> county period mean -> state median across counties,a difference between two period summaries; NOT a trend estimate and NOT a causal statement
consistent_county,LA,Louisiana,Tmin,Average daily low temperature,1990-1999,,26,10,56.784,54.088,58.523,4.434,52.816,62.781,54.576,58.025,1.154,0.63,1.45,1.163,0.813,1.378,1980-1989,2000,county,daily -> annual county value -> county period mean -> state median across counties,a difference between two period summaries; NOT a trend estimate and NOT a causal statement
consistent_county,LA,Louisiana,Tmin,Average daily low temperature,2000-2009,,26,10,56.959,54.935,58.373,3.438,51.73,63.724,55.154,57.882,1.33,0.307,1.727,1.356,0.918,1.615,1980-1989,2000,county,daily -> annual county value -> county period mean -> state median across counties,a difference between two period summaries; NOT a trend estimate and NOT a causal statement
consistent_county,LA,Louisiana,Tmin,Average daily low temperature,2010-2019,,26,10,57.018,55.845,58.99,3.145,52.105,64.242,56.355,58.635,1.389,1.218,3.078,2.006,1.486,2.565,1980-1989,2000,county,daily -> annual county value -> county period mean -> state median across counties,a difference between two period summaries; NOT a trend estimate and NOT a causal statement
consistent_county,LA,Louisiana,Tmin,Average daily low temperature,2020-2025,six-year recent period,26,6,58.468,56.824,59.961,3.137,53.131,65.049,57.053,59.885,2.838,2.037,4.128,3.111,2.53,3.738,1980-1989,2000,county,daily -> annual county value -> county period mean -> state median across counties,a difference between two period summaries; NOT a trend estimate and NOT a causal statement
consistent_county,MS,Mississippi,Tavg,Average daily temperature,1980-1989,,18,10,63.955,62.059,65.121,3.061,59.111,67.822,62.262,65.105,0.0,0.0,0.0,0.0,0.0,0.0,1980-1989,2000,county,daily -> annual county value -> county period mean -> state median across counties,a difference between two period summaries; NOT a trend estimate and NOT a causal statement
consistent_county,MS,Mississippi,Tavg,Average daily temperature,1990-1999,,18,10,65.017,62.783,65.87,3.087,60.205,67.951,63.111,65.744,1.062,0.365,1.538,0.699,0.423,1.135,1980-1989,2000,county,daily -> annual county value -> county period mean -> state median across counties,a difference between two period summaries; NOT a trend estimate and NOT a causal statement
consistent_county,MS,Mississippi,Tavg,Average daily temperature,2000-2009,,18,10,64.806,62.668,66.258,3.59,60.285,68.255,62.926,66.11,0.851,0.209,1.571,0.878,0.441,1.185,1980-1989,2000,county,daily -> annual county value -> county period mean -> state median across counties,a difference between two period summaries; NOT a trend estimate and NOT a causal statement
consistent_county,MS,Mississippi,Tavg,Average daily temperature,2010-2019,,18,10,65.027,63.358,66.879,3.521,60.748,68.187,63.881,66.679,1.072,1.038,2.022,1.443,1.067,1.756,1980-1989,2000,county,daily -> annual county value -> county period mean -> state median across counties,a difference between two period summaries; NOT a trend estimate and NOT a causal statement
consistent_county,MS,Mississippi,Tavg,Average daily temperature,2020-2025,six-year recent period,18,6,66.453,64.496,67.484,2.988,61.651,70.027,64.668,67.402,2.498,1.883,2.992,2.591,2.126,2.758,1980-1989,2000,county,daily -> annual county value -> county period mean -> state median across counties,a difference between two period summaries; NOT a trend estimate and NOT a causal statement
consistent_county,MS,Mississippi,Tmax,Average daily high temperature,1980-1989,,25,10,76.045,73.614,76.785,3.171,70.363,77.905,73.711,76.762,0.0,0.0,0.0,0.0,0.0,0.0,1980-1989,2000,county,daily -> annual county value -> county period mean -> state median across counties,a difference between two period summaries; NOT a trend estimate and NOT a causal statement
consistent_county,MS,Mississippi,Tmax,Average daily high temperature,1990-1999,,25,10,75.958,73.831,76.978,3.147,71.757,78.2,73.847,76.891,-0.087,-0.424,2.027,0.19,-0.035,0.952,1980-1989,2000,county,daily -> annual county value -> county period mean -> state median across counties,a difference between two period summaries; NOT a trend estimate and NOT a causal statement
consistent_county,MS,Mississippi,Tmax,Average daily high temperature,2000-2009,,25,10,76.665,74.098,77.474,3.376,72.488,79.167,74.626,77.391,0.62,-0.035,2.549,0.915,0.336,1.489,1980-1989,2000,county,daily -> annual county value -> county period mean -> state median across counties,a difference between two period summaries; NOT a trend estimate and NOT a causal statement
consistent_county,MS,Mississippi,Tmax,Average daily high temperature,2010-2019,,25,10,76.869,74.868,77.677,2.809,72.357,79.577,74.978,77.538,0.825,0.477,2.183,1.078,0.653,1.609,1980-1989,2000,county,daily -> annual county value -> county period mean -> state median across counties,a difference between two period summaries; NOT a trend estimate and NOT a causal statement
consistent_county,MS,Mississippi,Tmax,Average daily high temperature,2020-2025,six-year recent period,25,6,77.902,75.843,78.647,2.803,72.799,80.665,76.119,78.445,1.858,1.217,3.599,2.171,1.547,2.443,1980-1989,2000,county,daily -> annual county value -> county period mean -> state median across counties,a difference between two period summaries; NOT a trend estimate and NOT a causal statement
consistent_county,MS,Mississippi,Tmin,Average daily low temperature,1980-1989,,18,10,52.322,50.913,53.503,2.59,47.686,58.394,51.121,53.482,0.0,0.0,0.0,0.0,0.0,0.0,1980-1989,2000,county,daily -> annual county value -> county period mean -> state median across counties,a difference between two period summaries; NOT a trend estimate and NOT a causal statement
consistent_county,MS,Mississippi,Tmin,Average daily low temperature,1990-1999,,18,10,53.37,51.654,54.727,3.073,48.797,58.925,51.828,54.649,1.047,0.468,1.851,1.009,0.753,1.248,1980-1989,2000,county,daily -> annual county value -> county period mean -> state median across counties,a difference between two period summaries; NOT a trend estimate and NOT a causal statement
consistent_county,MS,Mississippi,Tmin,Average daily low temperature,2000-2009,,18,10,53.189,50.829,54.946,4.117,47.969,59.038,51.352,54.8,0.867,-0.033,1.474,0.937,0.342,1.383,1980-1989,2000,county,daily -> annual county value -> county period mean -> state median across counties,a difference between two period summaries; NOT a trend estimate and NOT a causal statement
consistent_county,MS,Mississippi,Tmin,Average daily low temperature,2010-2019,,18,10,53.708,51.908,55.703,3.795,49.139,59.131,52.062,55.542,1.386,0.532,2.386,1.718,1.263,2.217,1980-1989,2000,county,daily -> annual county value -> county period mean -> state median across counties,a difference between two period summaries; NOT a trend estimate and NOT a causal statement
consistent_county,MS,Mississippi,Tmin,Average daily low temperature,2020-2025,six-year recent period,18,6,54.915,53.105,56.624,3.519,50.193,61.407,53.577,56.586,2.593,2.109,3.688,2.858,2.27,3.142,1980-1989,2000,county,daily -> annual county value -> county period mean -> state median across counties,a difference between two period summaries; NOT a trend estimate and NOT a causal statement
consistent_county,TX,Texas,Tavg,Average daily temperature,1980-1989,,128,10,64.821,63.065,67.283,4.217,55.846,74.025,64.395,65.502,0.0,0.0,0.0,0.0,0.0,0.0,1980-1989,2000,county,daily -> annual county value -> county period mean -> state median across counties,a difference between two period summaries; NOT a trend estimate and NOT a causal statement
consistent_county,TX,Texas,Tavg,Average daily temperature,1990-1999,,128,10,65.564,63.33,68.097,4.767,54.908,75.088,64.794,66.037,0.743,0.181,0.878,0.608,0.518,0.68,1980-1989,2000,county,daily -> annual county value -> county period mean -> state median across counties,a difference between two period summaries; NOT a trend estimate and NOT a causal statement
consistent_county,TX,Texas,Tavg,Average daily temperature,2000-2009,,128,10,65.533,63.697,68.253,4.557,55.62,75.225,64.884,66.414,0.713,0.245,1.264,0.921,0.716,1.119,1980-1989,2000,county,daily -> annual county value -> county period mean -> state median across counties,a difference between two period summaries; NOT a trend estimate and NOT a causal statement
consistent_county,TX,Texas,Tavg,Average daily temperature,2010-2019,,128,10,66.058,64.413,68.768,4.355,56.86,76.045,65.471,66.875,1.238,0.743,1.568,1.37,1.166,1.533,1980-1989,2000,county,daily -> annual county value -> county period mean -> state median across counties,a difference between two period summaries; NOT a trend estimate and NOT a causal statement
consistent_county,TX,Texas,Tavg,Average daily temperature,2020-2025,six-year recent period,128,6,66.918,65.297,70.284,4.988,57.45,76.829,66.429,67.743,2.097,1.597,2.535,2.497,2.267,2.723,1980-1989,2000,county,daily -> annual county value -> county period mean -> state median across counties,a difference between two period summaries; NOT a trend estimate and NOT a causal statement
consistent_county,TX,Texas,Tmax,Average daily high temperature,1980-1989,,140,10,77.225,75.142,79.01,3.868,70.173,85.187,76.56,77.576,0.0,0.0,0.0,0.0,0.0,0.0,1980-1989,2000,county,daily -> annual county value -> county period mean -> state median across counties,a difference between two period summaries; NOT a trend estimate and NOT a causal statement
consistent_county,TX,Texas,Tmax,Average daily high temperature,1990-1999,,140,10,77.44,75.489,79.341,3.852,69.622,87.238,77.085,77.985,0.216,-0.013,0.645,0.365,0.26,0.557,1980-1989,2000,county,daily -> annual county value -> county period mean -> state median across counties,a difference between two period summaries; NOT a trend estimate and NOT a causal statement
consistent_county,TX,Texas,Tmax,Average daily high temperature,2000-2009,,140,10,77.898,75.874,79.501,3.627,70.423,87.206,77.146,78.231,0.673,0.198,0.933,0.774,0.589,0.886,1980-1989,2000,county,daily -> annual county value -> county period mean -> state median across counties,a difference between two period summaries; NOT a trend estimate and NOT a causal statement
consistent_county,TX,Texas,Tmax,Average daily high temperature,2010-2019,,140,10,78.285,76.512,80.203,3.691,72.12,88.766,77.729,78.627,1.06,0.662,1.344,1.291,1.126,1.418,1980-1989,2000,county,daily -> annual county value -> county period mean -> state median across counties,a difference between two period summaries; NOT a trend estimate and NOT a causal statement
consistent_county,TX,Texas,Tmax,Average daily high temperature,2020-2025,six-year recent period,140,6,79.161,77.242,81.469,4.227,73.154,89.478,78.658,79.843,1.936,1.533,2.484,2.28,2.147,2.439,1980-1989,2000,county,daily -> annual county value -> county period mean -> state median across counties,a difference between two period summaries; NOT a trend estimate and NOT a causal statement
consistent_county,TX,Texas,Tmin,Average daily low temperature,1980-1989,,135,10,52.908,49.92,56.227,6.307,41.071,65.16,51.695,53.49,0.0,0.0,0.0,0.0,0.0,0.0,1980-1989,2000,county,daily -> annual county value -> county period mean -> state median across counties,a difference between two period summaries; NOT a trend estimate and NOT a causal statement
consistent_county,TX,Texas,Tmin,Average daily low temperature,1990-1999,,135,10,53.619,50.56,57.261,6.701,40.09,66.042,52.623,54.395,0.712,0.367,1.389,0.783,0.631,0.965,1980-1989,2000,county,daily -> annual county value -> county period mean -> state median across counties,a difference between two period summaries; NOT a trend estimate and NOT a causal statement
consistent_county,TX,Texas,Tmin,Average daily low temperature,2000-2009,,135,10,53.77,51.086,57.034,5.949,40.816,66.332,52.675,55.07,0.862,0.495,1.693,1.064,0.875,1.352,1980-1989,2000,county,daily -> annual county value -> county period mean -> state median across counties,a difference between two period summaries; NOT a trend estimate and NOT a causal statement
consistent_county,TX,Texas,Tmin,Average daily low temperature,2010-2019,,135,10,54.681,51.362,57.759,6.397,41.386,66.391,53.309,55.362,1.773,1.169,2.473,1.737,1.414,1.859,1980-1989,2000,county,daily -> annual county value -> county period mean -> state median across counties,a difference between two period summaries; NOT a trend estimate and NOT a causal statement
consistent_county,TX,Texas,Tmin,Average daily low temperature,2020-2025,six-year recent period,135,6,55.423,52.194,59.057,6.863,41.71,67.145,54.711,56.505,2.515,2.054,3.414,2.658,2.446,2.901,1980-1989,2000,county,daily -> annual county value -> county period mean -> state median across counties,a difference between two period summaries; NOT a trend estimate and NOT a causal statement
strict_balanced,AL,Alabama,Tavg,Average daily temperature,1980-1989,,30,6,62.962,61.408,64.751,3.343,57.82,67.386,62.472,64.208,0.0,0.0,0.0,0.0,0.0,0.0,1980-1989,2000,county,daily -> annual county value -> county period mean -> state median across counties,a difference between two period summaries; NOT a trend estimate and NOT a causal statement
strict_balanced,AL,Alabama,Tavg,Average daily temperature,1990-1999,,30,6,62.68,61.47,64.119,2.65,57.821,66.92,62.019,63.741,-0.282,-1.015,0.101,-0.47,-0.747,-0.36,1980-1989,2000,county,daily -> annual county value -> county period mean -> state median across counties,a difference between two period summaries; NOT a trend estimate and NOT a causal statement
strict_balanced,AL,Alabama,Tavg,Average daily temperature,2000-2009,,30,6,63.356,61.777,65.273,3.497,59.716,67.921,62.975,64.56,0.394,-0.413,1.129,0.536,0.337,0.89,1980-1989,2000,county,daily -> annual county value -> county period mean -> state median across counties,a difference between two period summaries; NOT a trend estimate and NOT a causal statement
strict_balanced,AL,Alabama,Tavg,Average daily temperature,2010-2019,,30,6,64.01,62.031,65.757,3.726,60.268,68.697,63.347,65.325,1.048,0.369,1.828,1.078,0.903,1.384,1980-1989,2000,county,daily -> annual county value -> county period mean -> state median across counties,a difference between two period summaries; NOT a trend estimate and NOT a causal statement
strict_balanced,AL,Alabama,Tavg,Average daily temperature,2020-2025,six-year recent period,30,6,65.011,62.6,66.572,3.972,60.398,70.067,63.738,65.934,2.049,1.087,2.536,1.846,1.389,2.089,1980-1989,2000,county,daily -> annual county value -> county period mean -> state median across counties,a difference between two period summaries; NOT a trend estimate and NOT a causal statement
strict_balanced,AL,Alabama,Tmax,Average daily high temperature,1980-1989,,35,6,74.689,72.674,76.517,3.843,69.948,77.938,73.377,76.049,0.0,0.0,0.0,0.0,0.0,0.0,1980-1989,2000,county,daily -> annual county value -> county period mean -> state median across counties,a difference between two period summaries; NOT a trend estimate and NOT a causal statement
strict_balanced,AL,Alabama,Tmax,Average daily high temperature,1990-1999,,35,6,73.846,72.374,75.35,2.976,68.857,77.33,72.948,74.609,-0.843,-1.417,0.077,-0.937,-1.131,-0.608,1980-1989,2000,county,daily -> annual county value -> county period mean -> state median across counties,a difference between two period summaries; NOT a trend estimate and NOT a causal statement
strict_balanced,AL,Alabama,Tmax,Average daily high temperature,2000-2009,,35,6,75.407,73.307,76.842,3.535,70.983,78.983,73.963,76.169,0.718,-0.116,1.499,0.53,0.295,0.667,1980-1989,2000,county,daily -> annual county value -> county period mean -> state median across counties,a difference between two period summaries; NOT a trend estimate and NOT a causal statement
strict_balanced,AL,Alabama,Tmax,Average daily high temperature,2010-2019,,35,6,75.301,72.906,76.997,4.091,71.059,79.44,74.224,76.403,0.612,-0.059,1.619,0.822,0.486,1.111,1980-1989,2000,county,daily -> annual county value -> county period mean -> state median across counties,a difference between two period summaries; NOT a trend estimate and NOT a causal statement
strict_balanced,AL,Alabama,Tmax,Average daily high temperature,2020-2025,six-year recent period,35,6,75.859,73.504,78.028,4.524,71.376,80.756,74.442,77.289,1.17,0.608,2.091,1.204,0.888,1.428,1980-1989,2000,county,daily -> annual county value -> county period mean -> state median across counties,a difference between two period summaries; NOT a trend estimate and NOT a causal statement
strict_balanced,AL,Alabama,Tmin,Average daily low temperature,1980-1989,,32,6,51.378,50.228,52.658,2.43,45.691,58.723,50.484,52.399,0.0,0.0,0.0,0.0,0.0,0.0,1980-1989,2000,county,daily -> annual county value -> county period mean -> state median across counties,a difference between two period summaries; NOT a trend estimate and NOT a causal statement
strict_balanced,AL,Alabama,Tmin,Average daily low temperature,1990-1999,,32,6,51.811,49.815,53.018,3.204,46.576,58.405,50.408,52.696,0.432,-0.663,1.231,-0.238,-0.493,0.472,1980-1989,2000,county,daily -> annual county value -> county period mean -> state median across counties,a difference between two period summaries; NOT a trend estimate and NOT a causal statement
strict_balanced,AL,Alabama,Tmin,Average daily low temperature,2000-2009,,32,6,51.883,50.256,53.806,3.55,48.399,59.126,50.754,53.255,0.504,-0.446,1.637,0.74,0.361,1.367,1980-1989,2000,county,daily -> annual county value -> county period mean -> state median across counties,a difference between two period summaries; NOT a trend estimate and NOT a causal statement
strict_balanced,AL,Alabama,Tmin,Average daily low temperature,2010-2019,,32,6,53.138,50.713,54.433,3.719,49.046,60.23,51.852,53.96,1.759,0.738,2.489,1.615,1.06,2.049,1980-1989,2000,county,daily -> annual county value -> county period mean -> state median across counties,a difference between two period summaries; NOT a trend estimate and NOT a causal statement
strict_balanced,AL,Alabama,Tmin,Average daily low temperature,2020-2025,six-year recent period,32,6,53.778,51.624,55.464,3.841,49.335,61.4,52.709,54.494,2.4,1.501,3.118,2.454,1.616,2.884,1980-1989,2000,county,daily -> annual county value -> county period mean -> state median across counties,a difference between two period summaries; NOT a trend estimate and NOT a causal statement
strict_balanced,FL,Florida,Tavg,Average daily temperature,1980-1989,,34,6,72.428,69.85,73.44,3.589,66.392,77.164,70.573,73.034,0.0,0.0,0.0,0.0,0.0,0.0,1980-1989,2000,county,daily -> annual county value -> county period mean -> state median across counties,a difference between two period summaries; NOT a trend estimate and NOT a causal statement
strict_balanced,FL,Florida,Tavg,Average daily temperature,1990-1999,,34,6,72.46,69.834,73.884,4.05,66.698,77.346,70.95,73.133,0.032,-0.354,0.534,0.198,-0.006,0.318,1980-1989,2000,county,daily -> annual county value -> county period mean -> state median across counties,a difference between two period summaries; NOT a trend estimate and NOT a causal statement
strict_balanced,FL,Florida,Tavg,Average daily temperature,2000-2009,,34,6,72.709,70.179,73.807,3.628,67.164,77.664,71.227,73.291,0.281,-0.215,0.989,0.384,0.282,0.579,1980-1989,2000,county,daily -> annual county value -> county period mean -> state median across counties,a difference between two period summaries; NOT a trend estimate and NOT a causal statement
strict_balanced,FL,Florida,Tavg,Average daily temperature,2010-2019,,34,6,73.688,71.084,74.756,3.672,68.311,78.336,72.489,74.461,1.26,0.196,1.968,1.466,1.177,1.664,1980-1989,2000,county,daily -> annual county value -> county period mean -> state median across counties,a difference between two period summaries; NOT a trend estimate and NOT a causal statement
strict_balanced,FL,Florida,Tavg,Average daily temperature,2020-2025,six-year recent period,34,6,74.229,71.785,75.567,3.783,69.14,79.64,72.837,74.985,1.801,1.038,2.47,2.027,1.83,2.188,1980-1989,2000,county,daily -> annual county value -> county period mean -> state median across counties,a difference between two period summaries; NOT a trend estimate and NOT a causal statement
strict_balanced,FL,Florida,Tmax,Average daily high temperature,1980-1989,,36,6,82.49,80.816,83.864,3.049,76.612,85.188,81.712,83.398,0.0,0.0,0.0,0.0,0.0,0.0,1980-1989,2000,county,daily -> annual county value -> county period mean -> state median across counties,a difference between two period summaries; NOT a trend estimate and NOT a causal statement
strict_balanced,FL,Florida,Tmax,Average daily high temperature,1990-1999,,36,6,82.401,80.254,83.596,3.342,76.99,85.126,81.314,83.173,-0.089,-0.61,0.198,-0.203,-0.508,0.121,1980-1989,2000,county,daily -> annual county value -> county period mean -> state median across counties,a difference between two period summaries; NOT a trend estimate and NOT a causal statement
strict_balanced,FL,Florida,Tmax,Average daily high temperature,2000-2009,,36,6,82.285,80.466,83.571,3.105,77.474,85.527,81.24,82.874,-0.205,-0.878,0.408,-0.117,-0.563,0.272,1980-1989,2000,county,daily -> annual county value -> county period mean -> state median across counties,a difference between two period summaries; NOT a trend estimate and NOT a causal statement
strict_balanced,FL,Florida,Tmax,Average daily high temperature,2010-2019,,36,6,83.219,81.809,84.011,2.202,78.163,86.015,82.108,83.632,0.73,-0.152,1.318,0.667,0.493,1.125,1980-1989,2000,county,daily -> annual county value -> county period mean -> state median across counties,a difference between two period summaries; NOT a trend estimate and NOT a causal statement
strict_balanced,FL,Florida,Tmax,Average daily high temperature,2020-2025,six-year recent period,36,6,83.794,81.876,84.984,3.107,79.054,86.678,82.628,84.582,1.304,0.348,1.974,1.123,0.8,1.689,1980-1989,2000,county,daily -> annual county value -> county period mean -> state median across counties,a difference between two period summaries; NOT a trend estimate and NOT a causal statement
strict_balanced,FL,Florida,Tmin,Average daily low temperature,1980-1989,,36,6,61.838,59.376,63.474,4.097,54.335,71.298,59.987,62.778,0.0,0.0,0.0,0.0,0.0,0.0,1980-1989,2000,county,daily -> annual county value -> county period mean -> state median across counties,a difference between two period summaries; NOT a trend estimate and NOT a causal statement
strict_balanced,FL,Florida,Tmin,Average daily low temperature,1990-1999,,36,6,61.947,60.142,63.86,3.718,55.392,71.315,60.784,62.882,0.109,-0.375,0.857,0.405,0.083,0.602,1980-1989,2000,county,daily -> annual county value -> county period mean -> state median across counties,a difference between two period summaries; NOT a trend estimate and NOT a causal statement
strict_balanced,FL,Florida,Tmin,Average daily low temperature,2000-2009,,36,6,62.923,60.23,63.816,3.587,56.058,72.026,60.802,63.553,1.085,-0.663,1.571,0.743,0.425,0.968,1980-1989,2000,county,daily -> annual county value -> county period mean -> state median across counties,a difference between two period summaries; NOT a trend estimate and NOT a causal statement
strict_balanced,FL,Florida,Tmin,Average daily low temperature,2010-2019,,36,6,63.968,61.106,65.773,4.668,57.759,73.15,61.949,64.481,2.13,0.756,2.743,2.061,1.766,2.386,1980-1989,2000,county,daily -> annual county value -> county period mean -> state median across counties,a difference between two period summaries; NOT a trend estimate and NOT a causal statement
strict_balanced,FL,Florida,Tmin,Average daily low temperature,2020-2025,six-year recent period,36,6,64.628,61.79,66.537,4.747,58.092,74.341,62.434,65.426,2.79,1.448,3.403,2.744,2.197,3.046,1980-1989,2000,county,daily -> annual county value -> county period mean -> state median across counties,a difference between two period summaries; NOT a trend estimate and NOT a causal statement
strict_balanced,LA,Louisiana,Tavg,Average daily temperature,1980-1989,,23,6,66.57,64.878,67.699,2.821,63.204,69.452,65.251,67.419,0.0,0.0,0.0,0.0,0.0,0.0,1980-1989,2000,county,daily -> annual county value -> county period mean -> state median across counties,a difference between two period summaries; NOT a trend estimate and NOT a causal statement
strict_balanced,LA,Louisiana,Tavg,Average daily temperature,1990-1999,,23,6,66.511,64.57,67.761,3.191,63.365,70.32,65.298,67.441,-0.06,-0.381,0.172,-0.001,-0.139,0.156,1980-1989,2000,county,daily -> annual county value -> county period mean -> state median across counties,a difference between two period summaries; NOT a trend estimate and NOT a causal statement
strict_balanced,LA,Louisiana,Tavg,Average daily temperature,2000-2009,,23,6,67.749,66.09,68.732,2.642,63.715,71.707,66.231,68.414,1.179,0.253,1.624,1.017,0.723,1.252,1980-1989,2000,county,daily -> annual county value -> county period mean -> state median across counties,a difference between two period summaries; NOT a trend estimate and NOT a causal statement
strict_balanced,LA,Louisiana,Tavg,Average daily temperature,2010-2019,,23,6,68.359,66.69,69.083,2.393,64.299,71.846,67.293,68.793,1.788,0.94,2.214,1.61,1.095,2.018,1980-1989,2000,county,daily -> annual county value -> county period mean -> state median across counties,a difference between two period summaries; NOT a trend estimate and NOT a causal statement
strict_balanced,LA,Louisiana,Tavg,Average daily temperature,2020-2025,six-year recent period,23,6,68.948,67.84,70.033,2.193,65.139,72.433,67.868,69.774,2.377,1.432,3.318,2.577,1.933,3.027,1980-1989,2000,county,daily -> annual county value -> county period mean -> state median across counties,a difference between two period summaries; NOT a trend estimate and NOT a causal statement
strict_balanced,LA,Louisiana,Tmax,Average daily high temperature,1980-1989,,23,6,77.201,76.004,77.493,1.489,74.729,78.729,76.784,77.472,0.0,0.0,0.0,0.0,0.0,0.0,1980-1989,2000,county,daily -> annual county value -> county period mean -> state median across counties,a difference between two period summaries; NOT a trend estimate and NOT a causal statement
strict_balanced,LA,Louisiana,Tmax,Average daily high temperature,1990-1999,,23,6,76.838,75.973,77.476,1.503,74.372,78.317,76.073,77.455,-0.363,-1.105,0.143,-0.211,-0.389,0.001,1980-1989,2000,county,daily -> annual county value -> county period mean -> state median across counties,a difference between two period summaries; NOT a trend estimate and NOT a causal statement
strict_balanced,LA,Louisiana,Tmax,Average daily high temperature,2000-2009,,23,6,78.169,77.06,78.533,1.473,75.35,79.476,77.492,78.528,0.968,0.362,1.365,1.048,0.72,1.223,1980-1989,2000,county,daily -> annual county value -> county period mean -> state median across counties,a difference between two period summaries; NOT a trend estimate and NOT a causal statement
strict_balanced,LA,Louisiana,Tmax,Average daily high temperature,2010-2019,,23,6,78.204,77.57,78.701,1.131,76.234,79.251,77.945,78.642,1.003,0.661,1.517,1.282,0.639,1.59,1980-1989,2000,county,daily -> annual county value -> county period mean -> state median across counties,a difference between two period summaries; NOT a trend estimate and NOT a causal statement
strict_balanced,LA,Louisiana,Tmax,Average daily high temperature,2020-2025,six-year recent period,23,6,79.402,78.198,79.924,1.726,77.146,81.035,78.698,79.817,2.2,1.548,2.721,2.307,1.548,2.417,1980-1989,2000,county,daily -> annual county value -> county period mean -> state median across counties,a difference between two period summaries; NOT a trend estimate and NOT a causal statement
strict_balanced,LA,Louisiana,Tmin,Average daily low temperature,1980-1989,,23,6,56.037,53.43,57.871,4.441,51.629,60.533,53.577,57.281,0.0,0.0,0.0,0.0,0.0,0.0,1980-1989,2000,county,daily -> annual county value -> county period mean -> state median across counties,a difference between two period summaries; NOT a trend estimate and NOT a causal statement
strict_balanced,LA,Louisiana,Tmin,Average daily low temperature,1990-1999,,23,6,56.414,53.622,58.249,4.627,52.047,62.324,53.845,58.218,0.377,-0.617,0.579,0.31,0.063,0.517,1980-1989,2000,county,daily -> annual county value -> county period mean -> state median across counties,a difference between two period summaries; NOT a trend estimate and NOT a causal statement
strict_balanced,LA,Louisiana,Tmin,Average daily low temperature,2000-2009,,23,6,57.201,55.113,58.926,3.813,52.069,63.943,55.135,58.873,1.164,0.155,1.77,1.018,0.613,1.518,1980-1989,2000,county,daily -> annual county value -> county period mean -> state median across counties,a difference between two period summaries; NOT a trend estimate and NOT a causal statement
strict_balanced,LA,Louisiana,Tmin,Average daily low temperature,2010-2019,,23,6,58.294,55.905,59.501,3.596,52.276,64.512,55.914,58.832,2.257,1.03,2.632,2.084,1.418,2.447,1980-1989,2000,county,daily -> annual county value -> county period mean -> state median across counties,a difference between two period summaries; NOT a trend estimate and NOT a causal statement
strict_balanced,LA,Louisiana,Tmin,Average daily low temperature,2020-2025,six-year recent period,23,6,59.261,56.869,60.039,3.17,53.131,65.049,56.959,59.976,3.224,1.35,3.919,2.814,2.614,3.536,1980-1989,2000,county,daily -> annual county value -> county period mean -> state median across counties,a difference between two period summaries; NOT a trend estimate and NOT a causal statement
strict_balanced,MS,Mississippi,Tavg,Average daily temperature,1980-1989,,21,6,64.256,62.864,65.309,2.444,59.363,67.873,62.982,64.804,0.0,0.0,0.0,0.0,0.0,0.0,1980-1989,2000,county,daily -> annual county value -> county period mean -> state median across counties,a difference between two period summaries; NOT a trend estimate and NOT a causal statement
strict_balanced,MS,Mississippi,Tavg,Average daily temperature,1990-1999,,21,6,64.084,62.603,64.975,2.372,59.629,67.376,63.04,64.945,-0.172,-0.596,0.671,-0.237,-0.36,0.124,1980-1989,2000,county,daily -> annual county value -> county period mean -> state median across counties,a difference between two period summaries; NOT a trend estimate and NOT a causal statement
strict_balanced,MS,Mississippi,Tavg,Average daily temperature,2000-2009,,21,6,65.303,62.944,66.537,3.592,60.516,68.389,63.649,66.064,1.047,0.273,1.553,0.772,0.516,1.205,1980-1989,2000,county,daily -> annual county value -> county period mean -> state median across counties,a difference between two period summaries; NOT a trend estimate and NOT a causal statement
strict_balanced,MS,Mississippi,Tavg,Average daily temperature,2010-2019,,21,6,65.351,63.875,66.684,2.809,60.704,68.227,64.095,66.628,1.095,0.426,1.987,1.341,0.885,1.822,1980-1989,2000,county,daily -> annual county value -> county period mean -> state median across counties,a difference between two period summaries; NOT a trend estimate and NOT a causal statement
strict_balanced,MS,Mississippi,Tavg,Average daily temperature,2020-2025,six-year recent period,21,6,66.641,64.439,67.534,3.094,61.651,70.027,64.668,67.335,2.385,1.376,2.992,2.376,2.155,2.582,1980-1989,2000,county,daily -> annual county value -> county period mean -> state median across counties,a difference between two period summaries; NOT a trend estimate and NOT a causal statement
strict_balanced,MS,Mississippi,Tmax,Average daily high temperature,1980-1989,,23,6,75.789,73.862,77.03,3.168,70.452,78.148,74.057,76.994,0.0,0.0,0.0,0.0,0.0,0.0,1980-1989,2000,county,daily -> annual county value -> county period mean -> state median across counties,a difference between two period summaries; NOT a trend estimate and NOT a causal statement
strict_balanced,MS,Mississippi,Tmax,Average daily high temperature,1990-1999,,23,6,75.432,73.015,76.125,3.111,70.524,77.493,74.528,75.875,-0.357,-1.728,0.974,-0.845,-1.062,0.072,1980-1989,2000,county,daily -> annual county value -> county period mean -> state median across counties,a difference between two period summaries; NOT a trend estimate and NOT a causal statement
strict_balanced,MS,Mississippi,Tmax,Average daily high temperature,2000-2009,,23,6,76.913,74.802,77.581,2.779,72.568,78.918,75.219,77.504,1.123,-0.081,2.625,1.021,0.445,1.51,1980-1989,2000,county,daily -> annual county value -> county period mean -> state median across counties,a difference between two period summaries; NOT a trend estimate and NOT a causal statement
strict_balanced,MS,Mississippi,Tmax,Average daily high temperature,2010-2019,,23,6,77.002,74.903,77.741,2.838,72.129,79.437,75.737,77.714,1.212,0.029,2.051,1.15,0.429,1.663,1980-1989,2000,county,daily -> annual county value -> county period mean -> state median across counties,a difference between two period summaries; NOT a trend estimate and NOT a causal statement
strict_balanced,MS,Mississippi,Tmax,Average daily high temperature,2020-2025,six-year recent period,23,6,77.902,75.981,79.042,3.061,72.799,80.665,76.44,78.824,2.113,0.942,3.469,1.999,1.63,2.347,1980-1989,2000,county,daily -> annual county value -> county period mean -> state median across counties,a difference between two period summaries; NOT a trend estimate and NOT a causal statement
strict_balanced,MS,Mississippi,Tmin,Average daily low temperature,1980-1989,,21,6,52.614,51.503,53.844,2.341,47.779,59.072,51.555,53.718,0.0,0.0,0.0,0.0,0.0,0.0,1980-1989,2000,county,daily -> annual county value -> county period mean -> state median across counties,a difference between two period summaries; NOT a trend estimate and NOT a causal statement
strict_balanced,MS,Mississippi,Tmin,Average daily low temperature,1990-1999,,21,6,52.67,51.479,53.988,2.509,48.429,58.493,51.837,53.952,0.056,-0.847,1.093,0.291,0.059,0.392,1980-1989,2000,county,daily -> annual county value -> county period mean -> state median across counties,a difference between two period summaries; NOT a trend estimate and NOT a causal statement
strict_balanced,MS,Mississippi,Tmin,Average daily low temperature,2000-2009,,21,6,53.661,52.095,55.142,3.047,48.442,59.321,52.173,55.086,1.047,0.142,2.257,0.907,0.459,1.316,1980-1989,2000,county,daily -> annual county value -> county period mean -> state median across counties,a difference between two period summaries; NOT a trend estimate and NOT a causal statement
strict_balanced,MS,Mississippi,Tmin,Average daily low temperature,2010-2019,,21,6,53.809,52.014,55.646,3.632,48.949,59.409,53.234,55.639,1.195,0.103,2.754,1.609,1.225,2.014,1980-1989,2000,county,daily -> annual county value -> county period mean -> state median across counties,a difference between two period summaries; NOT a trend estimate and NOT a causal statement
strict_balanced,MS,Mississippi,Tmin,Average daily low temperature,2020-2025,six-year recent period,21,6,54.991,53.75,56.661,2.911,50.193,61.407,54.028,56.528,2.377,1.474,3.923,2.425,2.239,2.971,1980-1989,2000,county,daily -> annual county value -> county period mean -> state median across counties,a difference between two period summaries; NOT a trend estimate and NOT a causal statement
strict_balanced,TX,Texas,Tavg,Average daily temperature,1980-1989,,139,6,65.033,62.678,67.422,4.744,55.684,74.065,64.146,65.569,0.0,0.0,0.0,0.0,0.0,0.0,1980-1989,2000,county,daily -> annual county value -> county period mean -> state median across counties,a difference between two period summaries; NOT a trend estimate and NOT a causal statement
strict_balanced,TX,Texas,Tavg,Average daily temperature,1990-1999,,139,6,64.84,62.277,67.746,5.469,54.681,74.576,64.311,65.615,-0.193,-0.41,0.346,0.158,0.013,0.252,1980-1989,2000,county,daily -> annual county value -> county period mean -> state median across counties,a difference between two period summaries; NOT a trend estimate and NOT a causal statement
strict_balanced,TX,Texas,Tavg,Average daily temperature,2000-2009,,139,6,65.712,63.535,68.21,4.675,55.656,75.067,64.905,66.346,0.679,0.212,1.159,0.861,0.743,1.079,1980-1989,2000,county,daily -> annual county value -> county period mean -> state median across counties,a difference between two period summaries; NOT a trend estimate and NOT a causal statement
strict_balanced,TX,Texas,Tavg,Average daily temperature,2010-2019,,139,6,66.119,64.37,69.038,4.669,57.117,76.117,65.433,67.019,1.086,0.693,1.702,1.527,1.379,1.711,1980-1989,2000,county,daily -> annual county value -> county period mean -> state median across counties,a difference between two period summaries; NOT a trend estimate and NOT a causal statement
strict_balanced,TX,Texas,Tavg,Average daily temperature,2020-2025,six-year recent period,139,6,66.943,65.261,70.326,5.064,57.45,76.829,66.253,67.842,1.91,1.541,2.563,2.495,2.314,2.651,1980-1989,2000,county,daily -> annual county value -> county period mean -> state median across counties,a difference between two period summaries; NOT a trend estimate and NOT a causal statement
strict_balanced,TX,Texas,Tmax,Average daily high temperature,1980-1989,,148,6,76.901,74.767,78.748,3.98,69.6,85.192,76.158,77.393,0.0,0.0,0.0,0.0,0.0,0.0,1980-1989,2000,county,daily -> annual county value -> county period mean -> state median across counties,a difference between two period summaries; NOT a trend estimate and NOT a causal statement
strict_balanced,TX,Texas,Tmax,Average daily high temperature,1990-1999,,148,6,76.803,74.883,78.894,4.011,68.427,86.611,76.463,77.374,-0.098,-0.484,0.388,0.148,-0.027,0.383,1980-1989,2000,county,daily -> annual county value -> county period mean -> state median across counties,a difference between two period summaries; NOT a trend estimate and NOT a causal statement
strict_balanced,TX,Texas,Tmax,Average daily high temperature,2000-2009,,148,6,77.488,75.654,78.984,3.329,70.337,86.475,77.009,77.849,0.587,0.174,1.012,0.774,0.649,0.913,1980-1989,2000,county,daily -> annual county value -> county period mean -> state median across counties,a difference between two period summaries; NOT a trend estimate and NOT a causal statement
strict_balanced,TX,Texas,Tmax,Average daily high temperature,2010-2019,,148,6,78.134,76.42,80.133,3.713,72.229,88.731,77.749,78.524,1.234,0.776,1.691,1.495,1.285,1.705,1980-1989,2000,county,daily -> annual county value -> county period mean -> state median across counties,a difference between two period summaries; NOT a trend estimate and NOT a causal statement
strict_balanced,TX,Texas,Tmax,Average daily high temperature,2020-2025,six-year recent period,148,6,79.174,77.263,81.365,4.102,73.154,89.478,78.653,79.728,2.273,1.795,2.722,2.644,2.43,2.751,1980-1989,2000,county,daily -> annual county value -> county period mean -> state median across counties,a difference between two period summaries; NOT a trend estimate and NOT a causal statement
strict_balanced,TX,Texas,Tmin,Average daily low temperature,1980-1989,,145,6,52.898,49.525,56.294,6.769,40.982,65.213,51.793,53.594,0.0,0.0,0.0,0.0,0.0,0.0,1980-1989,2000,county,daily -> annual county value -> county period mean -> state median across counties,a difference between two period summaries; NOT a trend estimate and NOT a causal statement
strict_balanced,TX,Texas,Tmin,Average daily low temperature,1990-1999,,145,6,52.821,49.538,56.571,7.033,39.853,65.814,51.901,54.073,-0.076,-0.575,0.621,0.199,0.124,0.348,1980-1989,2000,county,daily -> annual county value -> county period mean -> state median across counties,a difference between two period summaries; NOT a trend estimate and NOT a causal statement
strict_balanced,TX,Texas,Tmin,Average daily low temperature,2000-2009,,145,6,53.88,50.828,57.113,6.285,40.974,66.378,52.896,55.154,0.982,0.466,1.818,1.051,0.801,1.26,1980-1989,2000,county,daily -> annual county value -> county period mean -> state median across counties,a difference between two period summaries; NOT a trend estimate and NOT a causal statement
strict_balanced,TX,Texas,Tmin,Average daily low temperature,2010-2019,,145,6,54.756,51.077,58.079,7.002,41.644,66.626,53.433,55.627,1.858,1.404,2.531,1.751,1.463,1.861,1980-1989,2000,county,daily -> annual county value -> county period mean -> state median across counties,a difference between two period summaries; NOT a trend estimate and NOT a causal statement
strict_balanced,TX,Texas,Tmin,Average daily low temperature,2020-2025,six-year recent period,145,6,55.56,51.695,59.032,7.338,41.71,67.145,54.344,56.456,2.663,2.125,3.306,2.546,2.413,2.737,1980-1989,2000,county,daily -> annual county value -> county period mean -> state median across counties,a difference between two period summaries; NOT a trend estimate and NOT a causal statement
